Run,Phase,Tree,Metric,Value
1,Insert,RB Tree,Rotations,587126
1,Insert,WAVL Tree,Rotations,703379
1,Insert,RB Tree,Path,1030418
1,Insert,WAVL Tree,Path,1791565
1,Delete,RB Tree,Rotations,183675
1,Delete,WAVL Tree,Rotations,224177
1,Delete,RB Tree,Path,616867
1,Delete,WAVL Tree,Path,922749
2,Insert,RB Tree,Rotations,588463
2,Insert,WAVL Tree,Rotations,704329
2,Insert,RB Tree,Path,1030894
2,Insert,WAVL Tree,Path,1791851
2,Delete,RB Tree,Rotations,184794
2,Delete,WAVL Tree,Rotations,224622
2,Delete,RB Tree,Path,618044
2,Delete,WAVL Tree,Path,922005
3,Insert,RB Tree,Rotations,588701
3,Insert,WAVL Tree,Rotations,704571
3,Insert,RB Tree,Path,1030442
3,Insert,WAVL Tree,Path,1791897
3,Delete,RB Tree,Rotations,184738
3,Delete,WAVL Tree,Rotations,224022
3,Delete,RB Tree,Path,617626
3,Delete,WAVL Tree,Path,922451
4,Insert,RB Tree,Rotations,589017
4,Insert,WAVL Tree,Rotations,704484
4,Insert,RB Tree,Path,1031310
4,Insert,WAVL Tree,Path,1791777
4,Delete,RB Tree,Rotations,183837
4,Delete,WAVL Tree,Rotations,224272
4,Delete,RB Tree,Path,617723
4,Delete,WAVL Tree,Path,922574
5,Insert,RB Tree,Rotations,587761
5,Insert,WAVL Tree,Rotations,703821
5,Insert,RB Tree,Path,1030278
5,Insert,WAVL Tree,Path,1791190
5,Delete,RB Tree,Rotations,184818
5,Delete,WAVL Tree,Rotations,224472
5,Delete,RB Tree,Path,617715
5,Delete,WAVL Tree,Path,921233
6,Insert,RB Tree,Rotations,587919
6,Insert,WAVL Tree,Rotations,703643
6,Insert,RB Tree,Path,1030570
6,Insert,WAVL Tree,Path,1791131
6,Delete,RB Tree,Rotations,184373
6,Delete,WAVL Tree,Rotations,224088
6,Delete,RB Tree,Path,617851
6,Delete,WAVL Tree,Path,922383
7,Insert,RB Tree,Rotations,588825
7,Insert,WAVL Tree,Rotations,703538
7,Insert,RB Tree,Path,1030532
7,Insert,WAVL Tree,Path,1791460
7,Delete,RB Tree,Rotations,183921
7,Delete,WAVL Tree,Rotations,224231
7,Delete,RB Tree,Path,617397
7,Delete,WAVL Tree,Path,923055
8,Insert,RB Tree,Rotations,587377
8,Insert,WAVL Tree,Rotations,701919
8,Insert,RB Tree,Path,1031006
8,Insert,WAVL Tree,Path,1790452
8,Delete,RB Tree,Rotations,184460
8,Delete,WAVL Tree,Rotations,223658
8,Delete,RB Tree,Path,618085
8,Delete,WAVL Tree,Path,923115
9,Insert,RB Tree,Rotations,587137
9,Insert,WAVL Tree,Rotations,704007
9,Insert,RB Tree,Path,1029710
9,Insert,WAVL Tree,Path,1791084
9,Delete,RB Tree,Rotations,184183
9,Delete,WAVL Tree,Rotations,223518
9,Delete,RB Tree,Path,617227
9,Delete,WAVL Tree,Path,921884
10,Insert,RB Tree,Rotations,587774
10,Insert,WAVL Tree,Rotations,703001
10,Insert,RB Tree,Path,1030698
10,Insert,WAVL Tree,Path,1790729
10,Delete,RB Tree,Rotations,184747
10,Delete,WAVL Tree,Rotations,224207
10,Delete,RB Tree,Path,617936
10,Delete,WAVL Tree,Path,922312
11,Insert,RB Tree,Rotations,588825
11,Insert,WAVL Tree,Rotations,704425
11,Insert,RB Tree,Path,1031158
11,Insert,WAVL Tree,Path,1792380
11,Delete,RB Tree,Rotations,184605
11,Delete,WAVL Tree,Rotations,224792
11,Delete,RB Tree,Path,617950
11,Delete,WAVL Tree,Path,923014
12,Insert,RB Tree,Rotations,587621
12,Insert,WAVL Tree,Rotations,703531
12,Insert,RB Tree,Path,1031470
12,Insert,WAVL Tree,Path,1790895
12,Delete,RB Tree,Rotations,184817
12,Delete,WAVL Tree,Rotations,223371
12,Delete,RB Tree,Path,618345
12,Delete,WAVL Tree,Path,922258
13,Insert,RB Tree,Rotations,587993
13,Insert,WAVL Tree,Rotations,703953
13,Insert,RB Tree,Path,1030538
13,Insert,WAVL Tree,Path,1790517
13,Delete,RB Tree,Rotations,183001
13,Delete,WAVL Tree,Rotations,222955
13,Delete,RB Tree,Path,617009
13,Delete,WAVL Tree,Path,921661
14,Insert,RB Tree,Rotations,588539
14,Insert,WAVL Tree,Rotations,703065
14,Insert,RB Tree,Path,1031542
14,Insert,WAVL Tree,Path,1791017
14,Delete,RB Tree,Rotations,184716
14,Delete,WAVL Tree,Rotations,224252
14,Delete,RB Tree,Path,618621
14,Delete,WAVL Tree,Path,923100
15,Insert,RB Tree,Rotations,589101
15,Insert,WAVL Tree,Rotations,704321
15,Insert,RB Tree,Path,1030108
15,Insert,WAVL Tree,Path,1790394
15,Delete,RB Tree,Rotations,183991
15,Delete,WAVL Tree,Rotations,223539
15,Delete,RB Tree,Path,617384
15,Delete,WAVL Tree,Path,921375
16,Insert,RB Tree,Rotations,588307
16,Insert,WAVL Tree,Rotations,703792
16,Insert,RB Tree,Path,1030398
16,Insert,WAVL Tree,Path,1790156
16,Delete,RB Tree,Rotations,183326
16,Delete,WAVL Tree,Rotations,224493
16,Delete,RB Tree,Path,616953
16,Delete,WAVL Tree,Path,921550
17,Insert,RB Tree,Rotations,588061
17,Insert,WAVL Tree,Rotations,703822
17,Insert,RB Tree,Path,1030694
17,Insert,WAVL Tree,Path,1790896
17,Delete,RB Tree,Rotations,184324
17,Delete,WAVL Tree,Rotations,223659
17,Delete,RB Tree,Path,617781
17,Delete,WAVL Tree,Path,923098
18,Insert,RB Tree,Rotations,588370
18,Insert,WAVL Tree,Rotations,702924
18,Insert,RB Tree,Path,1030448
18,Insert,WAVL Tree,Path,1790827
18,Delete,RB Tree,Rotations,184707
18,Delete,WAVL Tree,Rotations,223617
18,Delete,RB Tree,Path,617592
18,Delete,WAVL Tree,Path,922260
19,Insert,RB Tree,Rotations,588555
19,Insert,WAVL Tree,Rotations,703279
19,Insert,RB Tree,Path,1031404
19,Insert,WAVL Tree,Path,1790860
19,Delete,RB Tree,Rotations,185698
19,Delete,WAVL Tree,Rotations,223514
19,Delete,RB Tree,Path,618997
19,Delete,WAVL Tree,Path,921819
20,Insert,RB Tree,Rotations,589431
20,Insert,WAVL Tree,Rotations,705621
20,Insert,RB Tree,Path,1030836
20,Insert,WAVL Tree,Path,1792868
20,Delete,RB Tree,Rotations,185058
20,Delete,WAVL Tree,Rotations,226360
20,Delete,RB Tree,Path,618158
20,Delete,WAVL Tree,Path,920923
21,Insert,RB Tree,Rotations,588791
21,Insert,WAVL Tree,Rotations,704269
21,Insert,RB Tree,Path,1031854
21,Insert,WAVL Tree,Path,1791542
21,Delete,RB Tree,Rotations,184442
21,Delete,WAVL Tree,Rotations,224523
21,Delete,RB Tree,Path,618495
21,Delete,WAVL Tree,Path,922619
22,Insert,RB Tree,Rotations,586316
22,Insert,WAVL Tree,Rotations,702849
22,Insert,RB Tree,Path,1031092
22,Insert,WAVL Tree,Path,1790827
22,Delete,RB Tree,Rotations,182807
22,Delete,WAVL Tree,Rotations,223357
22,Delete,RB Tree,Path,617455
22,Delete,WAVL Tree,Path,923457
23,Insert,RB Tree,Rotations,587531
23,Insert,WAVL Tree,Rotations,703640
23,Insert,RB Tree,Path,1030324
23,Insert,WAVL Tree,Path,1790142
23,Delete,RB Tree,Rotations,185205
23,Delete,WAVL Tree,Rotations,223932
23,Delete,RB Tree,Path,617715
23,Delete,WAVL Tree,Path,921720
24,Insert,RB Tree,Rotations,588405
24,Insert,WAVL Tree,Rotations,703262
24,Insert,RB Tree,Path,1031620
24,Insert,WAVL Tree,Path,1791145
24,Delete,RB Tree,Rotations,184638
24,Delete,WAVL Tree,Rotations,224476
24,Delete,RB Tree,Path,618465
24,Delete,WAVL Tree,Path,921881
25,Insert,RB Tree,Rotations,588021
25,Insert,WAVL Tree,Rotations,704900
25,Insert,RB Tree,Path,1030590
25,Insert,WAVL Tree,Path,1790695
25,Delete,RB Tree,Rotations,184482
25,Delete,WAVL Tree,Rotations,223313
25,Delete,RB Tree,Path,617411
25,Delete,WAVL Tree,Path,920659
26,Insert,RB Tree,Rotations,586954
26,Insert,WAVL Tree,Rotations,702014
26,Insert,RB Tree,Path,1030108
26,Insert,WAVL Tree,Path,1789836
26,Delete,RB Tree,Rotations,183845
26,Delete,WAVL Tree,Rotations,223905
26,Delete,RB Tree,Path,617156
26,Delete,WAVL Tree,Path,922500
27,Insert,RB Tree,Rotations,587536
27,Insert,WAVL Tree,Rotations,704147
27,Insert,RB Tree,Path,1030546
27,Insert,WAVL Tree,Path,1791399
27,Delete,RB Tree,Rotations,184227
27,Delete,WAVL Tree,Rotations,223614
27,Delete,RB Tree,Path,617934
27,Delete,WAVL Tree,Path,922439
28,Insert,RB Tree,Rotations,588035
28,Insert,WAVL Tree,Rotations,703357
28,Insert,RB Tree,Path,1029826
28,Insert,WAVL Tree,Path,1789924
28,Delete,RB Tree,Rotations,183718
28,Delete,WAVL Tree,Rotations,222076
28,Delete,RB Tree,Path,616715
28,Delete,WAVL Tree,Path,923023
29,Insert,RB Tree,Rotations,587592
29,Insert,WAVL Tree,Rotations,703017
29,Insert,RB Tree,Path,1029516
29,Insert,WAVL Tree,Path,1790816
29,Delete,RB Tree,Rotations,184351
29,Delete,WAVL Tree,Rotations,223522
29,Delete,RB Tree,Path,616914
29,Delete,WAVL Tree,Path,922836
30,Insert,RB Tree,Rotations,588448
30,Insert,WAVL Tree,Rotations,703584
30,Insert,RB Tree,Path,1031118
30,Insert,WAVL Tree,Path,1790481
30,Delete,RB Tree,Rotations,184279
30,Delete,WAVL Tree,Rotations,222536
30,Delete,RB Tree,Path,618077
30,Delete,WAVL Tree,Path,921841
31,Insert,RB Tree,Rotations,588276
31,Insert,WAVL Tree,Rotations,704240
31,Insert,RB Tree,Path,1030320
31,Insert,WAVL Tree,Path,1791997
31,Delete,RB Tree,Rotations,184383
31,Delete,WAVL Tree,Rotations,223888
31,Delete,RB Tree,Path,617608
31,Delete,WAVL Tree,Path,922222
32,Insert,RB Tree,Rotations,588224
32,Insert,WAVL Tree,Rotations,703951
32,Insert,RB Tree,Path,1030634
32,Insert,WAVL Tree,Path,1790553
32,Delete,RB Tree,Rotations,185103
32,Delete,WAVL Tree,Rotations,224269
32,Delete,RB Tree,Path,618099
32,Delete,WAVL Tree,Path,920838
33,Insert,RB Tree,Rotations,588693
33,Insert,WAVL Tree,Rotations,703470
33,Insert,RB Tree,Path,1030876
33,Insert,WAVL Tree,Path,1790981
33,Delete,RB Tree,Rotations,184095
33,Delete,WAVL Tree,Rotations,223818
33,Delete,RB Tree,Path,617924
33,Delete,WAVL Tree,Path,921689
34,Insert,RB Tree,Rotations,588945
34,Insert,WAVL Tree,Rotations,705881
34,Insert,RB Tree,Path,1030422
34,Insert,WAVL Tree,Path,1792306
34,Delete,RB Tree,Rotations,185030
34,Delete,WAVL Tree,Rotations,224414
34,Delete,RB Tree,Path,617836
34,Delete,WAVL Tree,Path,922047
35,Insert,RB Tree,Rotations,587462
35,Insert,WAVL Tree,Rotations,703504
35,Insert,RB Tree,Path,1031300
35,Insert,WAVL Tree,Path,1791196
35,Delete,RB Tree,Rotations,184526
35,Delete,WAVL Tree,Rotations,224328
35,Delete,RB Tree,Path,618504
35,Delete,WAVL Tree,Path,922110
36,Insert,RB Tree,Rotations,588221
36,Insert,WAVL Tree,Rotations,703979
36,Insert,RB Tree,Path,1030728
36,Insert,WAVL Tree,Path,1790850
36,Delete,RB Tree,Rotations,183707
36,Delete,WAVL Tree,Rotations,224099
36,Delete,RB Tree,Path,617560
36,Delete,WAVL Tree,Path,921557
37,Insert,RB Tree,Rotations,587873
37,Insert,WAVL Tree,Rotations,702773
37,Insert,RB Tree,Path,1030066
37,Insert,WAVL Tree,Path,1790939
37,Delete,RB Tree,Rotations,184450
37,Delete,WAVL Tree,Rotations,223726
37,Delete,RB Tree,Path,617668
37,Delete,WAVL Tree,Path,922706
38,Insert,RB Tree,Rotations,589294
38,Insert,WAVL Tree,Rotations,702930
38,Insert,RB Tree,Path,1030582
38,Insert,WAVL Tree,Path,1790094
38,Delete,RB Tree,Rotations,184284
38,Delete,WAVL Tree,Rotations,223347
38,Delete,RB Tree,Path,617608
38,Delete,WAVL Tree,Path,921444
39,Insert,RB Tree,Rotations,587667
39,Insert,WAVL Tree,Rotations,703271
39,Insert,RB Tree,Path,1032088
39,Insert,WAVL Tree,Path,1790717
39,Delete,RB Tree,Rotations,185632
39,Delete,WAVL Tree,Rotations,224340
39,Delete,RB Tree,Path,618985
39,Delete,WAVL Tree,Path,921805
40,Insert,RB Tree,Rotations,588593
40,Insert,WAVL Tree,Rotations,705142
40,Insert,RB Tree,Path,1031156
40,Insert,WAVL Tree,Path,1792474
40,Delete,RB Tree,Rotations,184896
40,Delete,WAVL Tree,Rotations,224313
40,Delete,RB Tree,Path,618284
40,Delete,WAVL Tree,Path,922065
41,Insert,RB Tree,Rotations,587045
41,Insert,WAVL Tree,Rotations,702876
41,Insert,RB Tree,Path,1030780
41,Insert,WAVL Tree,Path,1790615
41,Delete,RB Tree,Rotations,183825
41,Delete,WAVL Tree,Rotations,223476
41,Delete,RB Tree,Path,617462
41,Delete,WAVL Tree,Path,921670
42,Insert,RB Tree,Rotations,588720
42,Insert,WAVL Tree,Rotations,705130
42,Insert,RB Tree,Path,1031310
42,Insert,WAVL Tree,Path,1792295
42,Delete,RB Tree,Rotations,184220
42,Delete,WAVL Tree,Rotations,224454
42,Delete,RB Tree,Path,618098
42,Delete,WAVL Tree,Path,921966
43,Insert,RB Tree,Rotations,587396
43,Insert,WAVL Tree,Rotations,703200
43,Insert,RB Tree,Path,1031056
43,Insert,WAVL Tree,Path,1791496
43,Delete,RB Tree,Rotations,184887
43,Delete,WAVL Tree,Rotations,224861
43,Delete,RB Tree,Path,618442
43,Delete,WAVL Tree,Path,922905
44,Insert,RB Tree,Rotations,589515
44,Insert,WAVL Tree,Rotations,704385
44,Insert,RB Tree,Path,1030708
44,Insert,WAVL Tree,Path,1790888
44,Delete,RB Tree,Rotations,184205
44,Delete,WAVL Tree,Rotations,223558
44,Delete,RB Tree,Path,617417
44,Delete,WAVL Tree,Path,921885
45,Insert,RB Tree,Rotations,587982
45,Insert,WAVL Tree,Rotations,702758
45,Insert,RB Tree,Path,1030208
45,Insert,WAVL Tree,Path,1790196
45,Delete,RB Tree,Rotations,184368
45,Delete,WAVL Tree,Rotations,223077
45,Delete,RB Tree,Path,617713
45,Delete,WAVL Tree,Path,922232
46,Insert,RB Tree,Rotations,587741
46,Insert,WAVL Tree,Rotations,703561
46,Insert,RB Tree,Path,1031614
46,Insert,WAVL Tree,Path,1791364
46,Delete,RB Tree,Rotations,184773
46,Delete,WAVL Tree,Rotations,223267
46,Delete,RB Tree,Path,618344
46,Delete,WAVL Tree,Path,922710
47,Insert,RB Tree,Rotations,590290
47,Insert,WAVL Tree,Rotations,705475
47,Insert,RB Tree,Path,1030344
47,Insert,WAVL Tree,Path,1791616
47,Delete,RB Tree,Rotations,185580
47,Delete,WAVL Tree,Rotations,225385
47,Delete,RB Tree,Path,617938
47,Delete,WAVL Tree,Path,921726
48,Insert,RB Tree,Rotations,588318
48,Insert,WAVL Tree,Rotations,703979
48,Insert,RB Tree,Path,1030560
48,Insert,WAVL Tree,Path,1790426
48,Delete,RB Tree,Rotations,183999
48,Delete,WAVL Tree,Rotations,223888
48,Delete,RB Tree,Path,617357
48,Delete,WAVL Tree,Path,921156
49,Insert,RB Tree,Rotations,587829
49,Insert,WAVL Tree,Rotations,703353
49,Insert,RB Tree,Path,1030192
49,Insert,WAVL Tree,Path,1790522
49,Delete,RB Tree,Rotations,183392
49,Delete,WAVL Tree,Rotations,222986
49,Delete,RB Tree,Path,617225
49,Delete,WAVL Tree,Path,922891
50,Insert,RB Tree,Rotations,588863
50,Insert,WAVL Tree,Rotations,703120
50,Insert,RB Tree,Path,1030400
50,Insert,WAVL Tree,Path,1790707
50,Delete,RB Tree,Rotations,184675
50,Delete,WAVL Tree,Rotations,223656
50,Delete,RB Tree,Path,617962
50,Delete,WAVL Tree,Path,922535
51,Insert,RB Tree,Rotations,588599
51,Insert,WAVL Tree,Rotations,704166
51,Insert,RB Tree,Path,1031458
51,Insert,WAVL Tree,Path,1791313
51,Delete,RB Tree,Rotations,183537
51,Delete,WAVL Tree,Rotations,223909
51,Delete,RB Tree,Path,617709
51,Delete,WAVL Tree,Path,922509
52,Insert,RB Tree,Rotations,590100
52,Insert,WAVL Tree,Rotations,705834
52,Insert,RB Tree,Path,1030262
52,Insert,WAVL Tree,Path,1791893
52,Delete,RB Tree,Rotations,185100
52,Delete,WAVL Tree,Rotations,224059
52,Delete,RB Tree,Path,617870
52,Delete,WAVL Tree,Path,921521
53,Insert,RB Tree,Rotations,587955
53,Insert,WAVL Tree,Rotations,703859
53,Insert,RB Tree,Path,1030208
53,Insert,WAVL Tree,Path,1790483
53,Delete,RB Tree,Rotations,184755
53,Delete,WAVL Tree,Rotations,223114
53,Delete,RB Tree,Path,617801
53,Delete,WAVL Tree,Path,922077
54,Insert,RB Tree,Rotations,588349
54,Insert,WAVL Tree,Rotations,703962
54,Insert,RB Tree,Path,1030996
54,Insert,WAVL Tree,Path,1790955
54,Delete,RB Tree,Rotations,184651
54,Delete,WAVL Tree,Rotations,224369
54,Delete,RB Tree,Path,618227
54,Delete,WAVL Tree,Path,921825
55,Insert,RB Tree,Rotations,587894
55,Insert,WAVL Tree,Rotations,703155
55,Insert,RB Tree,Path,1030114
55,Insert,WAVL Tree,Path,1790934
55,Delete,RB Tree,Rotations,183857
55,Delete,WAVL Tree,Rotations,223355
55,Delete,RB Tree,Path,617224
55,Delete,WAVL Tree,Path,922174
56,Insert,RB Tree,Rotations,587626
56,Insert,WAVL Tree,Rotations,704135
56,Insert,RB Tree,Path,1030758
56,Insert,WAVL Tree,Path,1790776
56,Delete,RB Tree,Rotations,185498
56,Delete,WAVL Tree,Rotations,223958
56,Delete,RB Tree,Path,618396
56,Delete,WAVL Tree,Path,921794
57,Insert,RB Tree,Rotations,588043
57,Insert,WAVL Tree,Rotations,703908
57,Insert,RB Tree,Path,1030432
57,Insert,WAVL Tree,Path,1791199
57,Delete,RB Tree,Rotations,183375
57,Delete,WAVL Tree,Rotations,223412
57,Delete,RB Tree,Path,616938
57,Delete,WAVL Tree,Path,922340
58,Insert,RB Tree,Rotations,587273
58,Insert,WAVL Tree,Rotations,703022
58,Insert,RB Tree,Path,1030722
58,Insert,WAVL Tree,Path,1790395
58,Delete,RB Tree,Rotations,183837
58,Delete,WAVL Tree,Rotations,224602
58,Delete,RB Tree,Path,617771
58,Delete,WAVL Tree,Path,922176
59,Insert,RB Tree,Rotations,588446
59,Insert,WAVL Tree,Rotations,703878
59,Insert,RB Tree,Path,1030556
59,Insert,WAVL Tree,Path,1790112
59,Delete,RB Tree,Rotations,184452
59,Delete,WAVL Tree,Rotations,224604
59,Delete,RB Tree,Path,617627
59,Delete,WAVL Tree,Path,920718
60,Insert,RB Tree,Rotations,588521
60,Insert,WAVL Tree,Rotations,703508
60,Insert,RB Tree,Path,1030150
60,Insert,WAVL Tree,Path,1791910
60,Delete,RB Tree,Rotations,184175
60,Delete,WAVL Tree,Rotations,224243
60,Delete,RB Tree,Path,617213
60,Delete,WAVL Tree,Path,922243
61,Insert,RB Tree,Rotations,588325
61,Insert,WAVL Tree,Rotations,703331
61,Insert,RB Tree,Path,1030782
61,Insert,WAVL Tree,Path,1790207
61,Delete,RB Tree,Rotations,184658
61,Delete,WAVL Tree,Rotations,222499
61,Delete,RB Tree,Path,617915
61,Delete,WAVL Tree,Path,922621
62,Insert,RB Tree,Rotations,588833
62,Insert,WAVL Tree,Rotations,704266
62,Insert,RB Tree,Path,1030798
62,Insert,WAVL Tree,Path,1791754
62,Delete,RB Tree,Rotations,185130
62,Delete,WAVL Tree,Rotations,224368
62,Delete,RB Tree,Path,618344
62,Delete,WAVL Tree,Path,922433
63,Insert,RB Tree,Rotations,587813
63,Insert,WAVL Tree,Rotations,703530
63,Insert,RB Tree,Path,1029700
63,Insert,WAVL Tree,Path,1791142
63,Delete,RB Tree,Rotations,183788
63,Delete,WAVL Tree,Rotations,223413
63,Delete,RB Tree,Path,616736
63,Delete,WAVL Tree,Path,922169
64,Insert,RB Tree,Rotations,588182
64,Insert,WAVL Tree,Rotations,703557
64,Insert,RB Tree,Path,1031590
64,Insert,WAVL Tree,Path,1791389
64,Delete,RB Tree,Rotations,184233
64,Delete,WAVL Tree,Rotations,223035
64,Delete,RB Tree,Path,618081
64,Delete,WAVL Tree,Path,921992
65,Insert,RB Tree,Rotations,589199
65,Insert,WAVL Tree,Rotations,704501
65,Insert,RB Tree,Path,1030604
65,Insert,WAVL Tree,Path,1791219
65,Delete,RB Tree,Rotations,183866
65,Delete,WAVL Tree,Rotations,223278
65,Delete,RB Tree,Path,617412
65,Delete,WAVL Tree,Path,921670
66,Insert,RB Tree,Rotations,587405
66,Insert,WAVL Tree,Rotations,703897
66,Insert,RB Tree,Path,1030126
66,Insert,WAVL Tree,Path,1791675
66,Delete,RB Tree,Rotations,184535
66,Delete,WAVL Tree,Rotations,223936
66,Delete,RB Tree,Path,617334
66,Delete,WAVL Tree,Path,922779
67,Insert,RB Tree,Rotations,588368
67,Insert,WAVL Tree,Rotations,704097
67,Insert,RB Tree,Path,1030526
67,Insert,WAVL Tree,Path,1790213
67,Delete,RB Tree,Rotations,184112
67,Delete,WAVL Tree,Rotations,223767
67,Delete,RB Tree,Path,617365
67,Delete,WAVL Tree,Path,921553
68,Insert,RB Tree,Rotations,589562
68,Insert,WAVL Tree,Rotations,705083
68,Insert,RB Tree,Path,1031224
68,Insert,WAVL Tree,Path,1791878
68,Delete,RB Tree,Rotations,183610
68,Delete,WAVL Tree,Rotations,224955
68,Delete,RB Tree,Path,617611
68,Delete,WAVL Tree,Path,922199
69,Insert,RB Tree,Rotations,588506
69,Insert,WAVL Tree,Rotations,704380
69,Insert,RB Tree,Path,1030396
69,Insert,WAVL Tree,Path,1791020
69,Delete,RB Tree,Rotations,184270
69,Delete,WAVL Tree,Rotations,223663
69,Delete,RB Tree,Path,617555
69,Delete,WAVL Tree,Path,921893
70,Insert,RB Tree,Rotations,589933
70,Insert,WAVL Tree,Rotations,704766
70,Insert,RB Tree,Path,1030808
70,Insert,WAVL Tree,Path,1791817
70,Delete,RB Tree,Rotations,184633
70,Delete,WAVL Tree,Rotations,224558
70,Delete,RB Tree,Path,617770
70,Delete,WAVL Tree,Path,922359
71,Insert,RB Tree,Rotations,588330
71,Insert,WAVL Tree,Rotations,703635
71,Insert,RB Tree,Path,1030920
71,Insert,WAVL Tree,Path,1790405
71,Delete,RB Tree,Rotations,183704
71,Delete,WAVL Tree,Rotations,223842
71,Delete,RB Tree,Path,617484
71,Delete,WAVL Tree,Path,921521
72,Insert,RB Tree,Rotations,588129
72,Insert,WAVL Tree,Rotations,703979
72,Insert,RB Tree,Path,1030490
72,Insert,WAVL Tree,Path,1790109
72,Delete,RB Tree,Rotations,184586
72,Delete,WAVL Tree,Rotations,224717
72,Delete,RB Tree,Path,617628
72,Delete,WAVL Tree,Path,921584
73,Insert,RB Tree,Rotations,587241
73,Insert,WAVL Tree,Rotations,702805
73,Insert,RB Tree,Path,1031024
73,Insert,WAVL Tree,Path,1790251
73,Delete,RB Tree,Rotations,184328
73,Delete,WAVL Tree,Rotations,223155
73,Delete,RB Tree,Path,617998
73,Delete,WAVL Tree,Path,921870
74,Insert,RB Tree,Rotations,588181
74,Insert,WAVL Tree,Rotations,703735
74,Insert,RB Tree,Path,1029748
74,Insert,WAVL Tree,Path,1790080
74,Delete,RB Tree,Rotations,184079
74,Delete,WAVL Tree,Rotations,222637
74,Delete,RB Tree,Path,617260
74,Delete,WAVL Tree,Path,921881
75,Insert,RB Tree,Rotations,587647
75,Insert,WAVL Tree,Rotations,702997
75,Insert,RB Tree,Path,1030550
75,Insert,WAVL Tree,Path,1790342
75,Delete,RB Tree,Rotations,185016
75,Delete,WAVL Tree,Rotations,224380
75,Delete,RB Tree,Path,618329
75,Delete,WAVL Tree,Path,921940
76,Insert,RB Tree,Rotations,589277
76,Insert,WAVL Tree,Rotations,704063
76,Insert,RB Tree,Path,1031152
76,Insert,WAVL Tree,Path,1791369
76,Delete,RB Tree,Rotations,184439
76,Delete,WAVL Tree,Rotations,223888
76,Delete,RB Tree,Path,618054
76,Delete,WAVL Tree,Path,921625
77,Insert,RB Tree,Rotations,587465
77,Insert,WAVL Tree,Rotations,702830
77,Insert,RB Tree,Path,1030814
77,Insert,WAVL Tree,Path,1790473
77,Delete,RB Tree,Rotations,185378
77,Delete,WAVL Tree,Rotations,224022
77,Delete,RB Tree,Path,618602
77,Delete,WAVL Tree,Path,922777
78,Insert,RB Tree,Rotations,588618
78,Insert,WAVL Tree,Rotations,703782
78,Insert,RB Tree,Path,1030658
78,Insert,WAVL Tree,Path,1791390
78,Delete,RB Tree,Rotations,183856
78,Delete,WAVL Tree,Rotations,223413
78,Delete,RB Tree,Path,617405
78,Delete,WAVL Tree,Path,922695
79,Insert,RB Tree,Rotations,587486
79,Insert,WAVL Tree,Rotations,702852
79,Insert,RB Tree,Path,1030406
79,Insert,WAVL Tree,Path,1791164
79,Delete,RB Tree,Rotations,184373
79,Delete,WAVL Tree,Rotations,223183
79,Delete,RB Tree,Path,617619
79,Delete,WAVL Tree,Path,923286
80,Insert,RB Tree,Rotations,589055
80,Insert,WAVL Tree,Rotations,703275
80,Insert,RB Tree,Path,1029694
80,Insert,WAVL Tree,Path,1789361
80,Delete,RB Tree,Rotations,184689
80,Delete,WAVL Tree,Rotations,222725
80,Delete,RB Tree,Path,617260
80,Delete,WAVL Tree,Path,921876
81,Insert,RB Tree,Rotations,586865
81,Insert,WAVL Tree,Rotations,702401
81,Insert,RB Tree,Path,1030696
81,Insert,WAVL Tree,Path,1789882
81,Delete,RB Tree,Rotations,183990
81,Delete,WAVL Tree,Rotations,223080
81,Delete,RB Tree,Path,617780
81,Delete,WAVL Tree,Path,921975
82,Insert,RB Tree,Rotations,587378
82,Insert,WAVL Tree,Rotations,702920
82,Insert,RB Tree,Path,1029868
82,Insert,WAVL Tree,Path,1790236
82,Delete,RB Tree,Rotations,183002
82,Delete,WAVL Tree,Rotations,222770
82,Delete,RB Tree,Path,616618
82,Delete,WAVL Tree,Path,922188
83,Insert,RB Tree,Rotations,588336
83,Insert,WAVL Tree,Rotations,703758
83,Insert,RB Tree,Path,1031038
83,Insert,WAVL Tree,Path,1791783
83,Delete,RB Tree,Rotations,183547
83,Delete,WAVL Tree,Rotations,223568
83,Delete,RB Tree,Path,617635
83,Delete,WAVL Tree,Path,923443
84,Insert,RB Tree,Rotations,589149
84,Insert,WAVL Tree,Rotations,702857
84,Insert,RB Tree,Path,1030600
84,Insert,WAVL Tree,Path,1790754
84,Delete,RB Tree,Rotations,184353
84,Delete,WAVL Tree,Rotations,223384
84,Delete,RB Tree,Path,617862
84,Delete,WAVL Tree,Path,922967
85,Insert,RB Tree,Rotations,588723
85,Insert,WAVL Tree,Rotations,703582
85,Insert,RB Tree,Path,1031450
85,Insert,WAVL Tree,Path,1791354
85,Delete,RB Tree,Rotations,184426
85,Delete,WAVL Tree,Rotations,223959
85,Delete,RB Tree,Path,618314
85,Delete,WAVL Tree,Path,922629
86,Insert,RB Tree,Rotations,589153
86,Insert,WAVL Tree,Rotations,704638
86,Insert,RB Tree,Path,1030890
86,Insert,WAVL Tree,Path,1791431
86,Delete,RB Tree,Rotations,183605
86,Delete,WAVL Tree,Rotations,223465
86,Delete,RB Tree,Path,617118
86,Delete,WAVL Tree,Path,921700
87,Insert,RB Tree,Rotations,588625
87,Insert,WAVL Tree,Rotations,703198
87,Insert,RB Tree,Path,1030644
87,Insert,WAVL Tree,Path,1790623
87,Delete,RB Tree,Rotations,184424
87,Delete,WAVL Tree,Rotations,223989
87,Delete,RB Tree,Path,617846
87,Delete,WAVL Tree,Path,922540
88,Insert,RB Tree,Rotations,588025
88,Insert,WAVL Tree,Rotations,705380
88,Insert,RB Tree,Path,1030510
88,Insert,WAVL Tree,Path,1792646
88,Delete,RB Tree,Rotations,185038
88,Delete,WAVL Tree,Rotations,225397
88,Delete,RB Tree,Path,618000
88,Delete,WAVL Tree,Path,922628
89,Insert,RB Tree,Rotations,589199
89,Insert,WAVL Tree,Rotations,703590
89,Insert,RB Tree,Path,1030402
89,Insert,WAVL Tree,Path,1791127
89,Delete,RB Tree,Rotations,184305
89,Delete,WAVL Tree,Rotations,223535
89,Delete,RB Tree,Path,617219
89,Delete,WAVL Tree,Path,921764
90,Insert,RB Tree,Rotations,588880
90,Insert,WAVL Tree,Rotations,703191
90,Insert,RB Tree,Path,1030706
90,Insert,WAVL Tree,Path,1790335
90,Delete,RB Tree,Rotations,183878
90,Delete,WAVL Tree,Rotations,223602
90,Delete,RB Tree,Path,617416
90,Delete,WAVL Tree,Path,922213
91,Insert,RB Tree,Rotations,588540
91,Insert,WAVL Tree,Rotations,703001
91,Insert,RB Tree,Path,1030138
91,Insert,WAVL Tree,Path,1790508
91,Delete,RB Tree,Rotations,184695
91,Delete,WAVL Tree,Rotations,223335
91,Delete,RB Tree,Path,617520
91,Delete,WAVL Tree,Path,922715
92,Insert,RB Tree,Rotations,587505
92,Insert,WAVL Tree,Rotations,703507
92,Insert,RB Tree,Path,1030378
92,Insert,WAVL Tree,Path,1790613
92,Delete,RB Tree,Rotations,184349
92,Delete,WAVL Tree,Rotations,224330
92,Delete,RB Tree,Path,617757
92,Delete,WAVL Tree,Path,921486
93,Insert,RB Tree,Rotations,589405
93,Insert,WAVL Tree,Rotations,704629
93,Insert,RB Tree,Path,1030438
93,Insert,WAVL Tree,Path,1791533
93,Delete,RB Tree,Rotations,183919
93,Delete,WAVL Tree,Rotations,224575
93,Delete,RB Tree,Path,616972
93,Delete,WAVL Tree,Path,921596
94,Insert,RB Tree,Rotations,588363
94,Insert,WAVL Tree,Rotations,703591
94,Insert,RB Tree,Path,1030782
94,Insert,WAVL Tree,Path,1791174
94,Delete,RB Tree,Rotations,183528
94,Delete,WAVL Tree,Rotations,224011
94,Delete,RB Tree,Path,617240
94,Delete,WAVL Tree,Path,922089
95,Insert,RB Tree,Rotations,587647
95,Insert,WAVL Tree,Rotations,703787
95,Insert,RB Tree,Path,1030604
95,Insert,WAVL Tree,Path,1791644
95,Delete,RB Tree,Rotations,184874
95,Delete,WAVL Tree,Rotations,224587
95,Delete,RB Tree,Path,617674
95,Delete,WAVL Tree,Path,922085
96,Insert,RB Tree,Rotations,588066
96,Insert,WAVL Tree,Rotations,702770
96,Insert,RB Tree,Path,1030148
96,Insert,WAVL Tree,Path,1790589
96,Delete,RB Tree,Rotations,184100
96,Delete,WAVL Tree,Rotations,223541
96,Delete,RB Tree,Path,617198
96,Delete,WAVL Tree,Path,923023
97,Insert,RB Tree,Rotations,587527
97,Insert,WAVL Tree,Rotations,702088
97,Insert,RB Tree,Path,1031008
97,Insert,WAVL Tree,Path,1790135
97,Delete,RB Tree,Rotations,184874
97,Delete,WAVL Tree,Rotations,223914
97,Delete,RB Tree,Path,618369
97,Delete,WAVL Tree,Path,922166
98,Insert,RB Tree,Rotations,590110
98,Insert,WAVL Tree,Rotations,705055
98,Insert,RB Tree,Path,1030720
98,Insert,WAVL Tree,Path,1792187
98,Delete,RB Tree,Rotations,183850
98,Delete,WAVL Tree,Rotations,224064
98,Delete,RB Tree,Path,617572
98,Delete,WAVL Tree,Path,922460
99,Insert,RB Tree,Rotations,588790
99,Insert,WAVL Tree,Rotations,704087
99,Insert,RB Tree,Path,1030646
99,Insert,WAVL Tree,Path,1791020
99,Delete,RB Tree,Rotations,184526
99,Delete,WAVL Tree,Rotations,224100
99,Delete,RB Tree,Path,617865
99,Delete,WAVL Tree,Path,921947
100,Insert,RB Tree,Rotations,587732
100,Insert,WAVL Tree,Rotations,702967
100,Insert,RB Tree,Path,1030966
100,Insert,WAVL Tree,Path,1790860
100,Delete,RB Tree,Rotations,184615
100,Delete,WAVL Tree,Rotations,223674
100,Delete,RB Tree,Path,618091
100,Delete,WAVL Tree,Path,922393
