Ratio,Run,Tree,Metric,Value
10,1,RB Tree,L1 Misses,152354
10,1,RB Tree,Branch Misses,310404
10,1,WAVL Tree,L1 Misses,156192
10,1,WAVL Tree,Branch Misses,337535
10,2,RB Tree,L1 Misses,154637
10,2,RB Tree,Branch Misses,316513
10,2,WAVL Tree,L1 Misses,158847
10,2,WAVL Tree,Branch Misses,339048
10,3,RB Tree,L1 Misses,160939
10,3,RB Tree,Branch Misses,312575
10,3,WAVL Tree,L1 Misses,157426
10,3,WAVL Tree,Branch Misses,340795
10,4,RB Tree,L1 Misses,156779
10,4,RB Tree,Branch Misses,317415
10,4,WAVL Tree,L1 Misses,157397
10,4,WAVL Tree,Branch Misses,338725
10,5,RB Tree,L1 Misses,155639
10,5,RB Tree,Branch Misses,315267
10,5,WAVL Tree,L1 Misses,159019
10,5,WAVL Tree,Branch Misses,340011
10,6,RB Tree,L1 Misses,157798
10,6,RB Tree,Branch Misses,318322
10,6,WAVL Tree,L1 Misses,157663
10,6,WAVL Tree,Branch Misses,338618
10,7,RB Tree,L1 Misses,153718
10,7,RB Tree,Branch Misses,313109
10,7,WAVL Tree,L1 Misses,161615
10,7,WAVL Tree,Branch Misses,339340
10,8,RB Tree,L1 Misses,156134
10,8,RB Tree,Branch Misses,317988
10,8,WAVL Tree,L1 Misses,160299
10,8,WAVL Tree,Branch Misses,341720
10,9,RB Tree,L1 Misses,155486
10,9,RB Tree,Branch Misses,314447
10,9,WAVL Tree,L1 Misses,159679
10,9,WAVL Tree,Branch Misses,342172
10,10,RB Tree,L1 Misses,156241
10,10,RB Tree,Branch Misses,316886
10,10,WAVL Tree,L1 Misses,158316
10,10,WAVL Tree,Branch Misses,337032
10,11,RB Tree,L1 Misses,154595
10,11,RB Tree,Branch Misses,315059
10,11,WAVL Tree,L1 Misses,158334
10,11,WAVL Tree,Branch Misses,341774
10,12,RB Tree,L1 Misses,156693
10,12,RB Tree,Branch Misses,317105
10,12,WAVL Tree,L1 Misses,157613
10,12,WAVL Tree,Branch Misses,339563
10,13,RB Tree,L1 Misses,157605
10,13,RB Tree,Branch Misses,315141
10,13,WAVL Tree,L1 Misses,158660
10,13,WAVL Tree,Branch Misses,340580
10,14,RB Tree,L1 Misses,158984
10,14,RB Tree,Branch Misses,319181
10,14,WAVL Tree,L1 Misses,158020
10,14,WAVL Tree,Branch Misses,340293
10,15,RB Tree,L1 Misses,156737
10,15,RB Tree,Branch Misses,315494
10,15,WAVL Tree,L1 Misses,159015
10,15,WAVL Tree,Branch Misses,341928
10,16,RB Tree,L1 Misses,157144
10,16,RB Tree,Branch Misses,316347
10,16,WAVL Tree,L1 Misses,159725
10,16,WAVL Tree,Branch Misses,339664
10,17,RB Tree,L1 Misses,157503
10,17,RB Tree,Branch Misses,318849
10,17,WAVL Tree,L1 Misses,159284
10,17,WAVL Tree,Branch Misses,338871
10,18,RB Tree,L1 Misses,156647
10,18,RB Tree,Branch Misses,317638
10,18,WAVL Tree,L1 Misses,158606
10,18,WAVL Tree,Branch Misses,341786
10,19,RB Tree,L1 Misses,156165
10,19,RB Tree,Branch Misses,314973
10,19,WAVL Tree,L1 Misses,159288
10,19,WAVL Tree,Branch Misses,339251
10,20,RB Tree,L1 Misses,160670
10,20,RB Tree,Branch Misses,319201
10,20,WAVL Tree,L1 Misses,159388
10,20,WAVL Tree,Branch Misses,339218
10,21,RB Tree,L1 Misses,156167
10,21,RB Tree,Branch Misses,318532
10,21,WAVL Tree,L1 Misses,160234
10,21,WAVL Tree,Branch Misses,340290
10,22,RB Tree,L1 Misses,158557
10,22,RB Tree,Branch Misses,315588
10,22,WAVL Tree,L1 Misses,157790
10,22,WAVL Tree,Branch Misses,336892
10,23,RB Tree,L1 Misses,159025
10,23,RB Tree,Branch Misses,320240
10,23,WAVL Tree,L1 Misses,159602
10,23,WAVL Tree,Branch Misses,340500
10,24,RB Tree,L1 Misses,157728
10,24,RB Tree,Branch Misses,319558
10,24,WAVL Tree,L1 Misses,158765
10,24,WAVL Tree,Branch Misses,339028
10,25,RB Tree,L1 Misses,157245
10,25,RB Tree,Branch Misses,317932
10,25,WAVL Tree,L1 Misses,159380
10,25,WAVL Tree,Branch Misses,340169
10,26,RB Tree,L1 Misses,156569
10,26,RB Tree,Branch Misses,318085
10,26,WAVL Tree,L1 Misses,160643
10,26,WAVL Tree,Branch Misses,341467
10,27,RB Tree,L1 Misses,157088
10,27,RB Tree,Branch Misses,318763
10,27,WAVL Tree,L1 Misses,160542
10,27,WAVL Tree,Branch Misses,337941
10,28,RB Tree,L1 Misses,156151
10,28,RB Tree,Branch Misses,315194
10,28,WAVL Tree,L1 Misses,160853
10,28,WAVL Tree,Branch Misses,341727
10,29,RB Tree,L1 Misses,158972
10,29,RB Tree,Branch Misses,318469
10,29,WAVL Tree,L1 Misses,159252
10,29,WAVL Tree,Branch Misses,341084
10,30,RB Tree,L1 Misses,155913
10,30,RB Tree,Branch Misses,313439
10,30,WAVL Tree,L1 Misses,159062
10,30,WAVL Tree,Branch Misses,338667
10,31,RB Tree,L1 Misses,156726
10,31,RB Tree,Branch Misses,316654
10,31,WAVL Tree,L1 Misses,159220
10,31,WAVL Tree,Branch Misses,338919
10,32,RB Tree,L1 Misses,155538
10,32,RB Tree,Branch Misses,317935
10,32,WAVL Tree,L1 Misses,159006
10,32,WAVL Tree,Branch Misses,338309
10,33,RB Tree,L1 Misses,157634
10,33,RB Tree,Branch Misses,315626
10,33,WAVL Tree,L1 Misses,167385
10,33,WAVL Tree,Branch Misses,341584
10,34,RB Tree,L1 Misses,156251
10,34,RB Tree,Branch Misses,314174
10,34,WAVL Tree,L1 Misses,163214
10,34,WAVL Tree,Branch Misses,343080
10,35,RB Tree,L1 Misses,156162
10,35,RB Tree,Branch Misses,317923
10,35,WAVL Tree,L1 Misses,158043
10,35,WAVL Tree,Branch Misses,339510
10,36,RB Tree,L1 Misses,156677
10,36,RB Tree,Branch Misses,319640
10,36,WAVL Tree,L1 Misses,159446
10,36,WAVL Tree,Branch Misses,342617
10,37,RB Tree,L1 Misses,158190
10,37,RB Tree,Branch Misses,319390
10,37,WAVL Tree,L1 Misses,159739
10,37,WAVL Tree,Branch Misses,339212
10,38,RB Tree,L1 Misses,157889
10,38,RB Tree,Branch Misses,319036
10,38,WAVL Tree,L1 Misses,158903
10,38,WAVL Tree,Branch Misses,341833
10,39,RB Tree,L1 Misses,157481
10,39,RB Tree,Branch Misses,316356
10,39,WAVL Tree,L1 Misses,157961
10,39,WAVL Tree,Branch Misses,336073
10,40,RB Tree,L1 Misses,162065
10,40,RB Tree,Branch Misses,318558
10,40,WAVL Tree,L1 Misses,160795
10,40,WAVL Tree,Branch Misses,340980
10,41,RB Tree,L1 Misses,157242
10,41,RB Tree,Branch Misses,315769
10,41,WAVL Tree,L1 Misses,161880
10,41,WAVL Tree,Branch Misses,339960
10,42,RB Tree,L1 Misses,156883
10,42,RB Tree,Branch Misses,318510
10,42,WAVL Tree,L1 Misses,158838
10,42,WAVL Tree,Branch Misses,342258
10,43,RB Tree,L1 Misses,156889
10,43,RB Tree,Branch Misses,317878
10,43,WAVL Tree,L1 Misses,158680
10,43,WAVL Tree,Branch Misses,339313
10,44,RB Tree,L1 Misses,157013
10,44,RB Tree,Branch Misses,317186
10,44,WAVL Tree,L1 Misses,160405
10,44,WAVL Tree,Branch Misses,341636
10,45,RB Tree,L1 Misses,156774
10,45,RB Tree,Branch Misses,317642
10,45,WAVL Tree,L1 Misses,160292
10,45,WAVL Tree,Branch Misses,338161
10,46,RB Tree,L1 Misses,157380
10,46,RB Tree,Branch Misses,317862
10,46,WAVL Tree,L1 Misses,160723
10,46,WAVL Tree,Branch Misses,342827
10,47,RB Tree,L1 Misses,157503
10,47,RB Tree,Branch Misses,316671
10,47,WAVL Tree,L1 Misses,158472
10,47,WAVL Tree,Branch Misses,339940
10,48,RB Tree,L1 Misses,162103
10,48,RB Tree,Branch Misses,318521
10,48,WAVL Tree,L1 Misses,161210
10,48,WAVL Tree,Branch Misses,340936
10,49,RB Tree,L1 Misses,157575
10,49,RB Tree,Branch Misses,316459
10,49,WAVL Tree,L1 Misses,169059
10,49,WAVL Tree,Branch Misses,341061
10,50,RB Tree,L1 Misses,156836
10,50,RB Tree,Branch Misses,318081
10,50,WAVL Tree,L1 Misses,160112
10,50,WAVL Tree,Branch Misses,341017
20,1,RB Tree,L1 Misses,170475
20,1,RB Tree,Branch Misses,339215
20,1,WAVL Tree,L1 Misses,167774
20,1,WAVL Tree,Branch Misses,359749
20,2,RB Tree,L1 Misses,164849
20,2,RB Tree,Branch Misses,336716
20,2,WAVL Tree,L1 Misses,170516
20,2,WAVL Tree,Branch Misses,362976
20,3,RB Tree,L1 Misses,165800
20,3,RB Tree,Branch Misses,337499
20,3,WAVL Tree,L1 Misses,169721
20,3,WAVL Tree,Branch Misses,362512
20,4,RB Tree,L1 Misses,164959
20,4,RB Tree,Branch Misses,334614
20,4,WAVL Tree,L1 Misses,168653
20,4,WAVL Tree,Branch Misses,359538
20,5,RB Tree,L1 Misses,166770
20,5,RB Tree,Branch Misses,337481
20,5,WAVL Tree,L1 Misses,169852
20,5,WAVL Tree,Branch Misses,362049
20,6,RB Tree,L1 Misses,166414
20,6,RB Tree,Branch Misses,337326
20,6,WAVL Tree,L1 Misses,170025
20,6,WAVL Tree,Branch Misses,360902
20,7,RB Tree,L1 Misses,167709
20,7,RB Tree,Branch Misses,335211
20,7,WAVL Tree,L1 Misses,170797
20,7,WAVL Tree,Branch Misses,363159
20,8,RB Tree,L1 Misses,168146
20,8,RB Tree,Branch Misses,336161
20,8,WAVL Tree,L1 Misses,171292
20,8,WAVL Tree,Branch Misses,363171
20,9,RB Tree,L1 Misses,169583
20,9,RB Tree,Branch Misses,336557
20,9,WAVL Tree,L1 Misses,172881
20,9,WAVL Tree,Branch Misses,365309
20,10,RB Tree,L1 Misses,167318
20,10,RB Tree,Branch Misses,334311
20,10,WAVL Tree,L1 Misses,169014
20,10,WAVL Tree,Branch Misses,361968
20,11,RB Tree,L1 Misses,165650
20,11,RB Tree,Branch Misses,336280
20,11,WAVL Tree,L1 Misses,169184
20,11,WAVL Tree,Branch Misses,360605
20,12,RB Tree,L1 Misses,167569
20,12,RB Tree,Branch Misses,338461
20,12,WAVL Tree,L1 Misses,173120
20,12,WAVL Tree,Branch Misses,363721
20,13,RB Tree,L1 Misses,168013
20,13,RB Tree,Branch Misses,336851
20,13,WAVL Tree,L1 Misses,170460
20,13,WAVL Tree,Branch Misses,363670
20,14,RB Tree,L1 Misses,167325
20,14,RB Tree,Branch Misses,336154
20,14,WAVL Tree,L1 Misses,169391
20,14,WAVL Tree,Branch Misses,363918
20,15,RB Tree,L1 Misses,168381
20,15,RB Tree,Branch Misses,338447
20,15,WAVL Tree,L1 Misses,169691
20,15,WAVL Tree,Branch Misses,361310
20,16,RB Tree,L1 Misses,167382
20,16,RB Tree,Branch Misses,336287
20,16,WAVL Tree,L1 Misses,170676
20,16,WAVL Tree,Branch Misses,363000
20,17,RB Tree,L1 Misses,166930
20,17,RB Tree,Branch Misses,338381
20,17,WAVL Tree,L1 Misses,170914
20,17,WAVL Tree,Branch Misses,360280
20,18,RB Tree,L1 Misses,167311
20,18,RB Tree,Branch Misses,339913
20,18,WAVL Tree,L1 Misses,171026
20,18,WAVL Tree,Branch Misses,365177
20,19,RB Tree,L1 Misses,191435
20,19,RB Tree,Branch Misses,336366
20,19,WAVL Tree,L1 Misses,169780
20,19,WAVL Tree,Branch Misses,362918
20,20,RB Tree,L1 Misses,166675
20,20,RB Tree,Branch Misses,339448
20,20,WAVL Tree,L1 Misses,170169
20,20,WAVL Tree,Branch Misses,362619
20,21,RB Tree,L1 Misses,167429
20,21,RB Tree,Branch Misses,338926
20,21,WAVL Tree,L1 Misses,170158
20,21,WAVL Tree,Branch Misses,362634
20,22,RB Tree,L1 Misses,165840
20,22,RB Tree,Branch Misses,338163
20,22,WAVL Tree,L1 Misses,171134
20,22,WAVL Tree,Branch Misses,363314
20,23,RB Tree,L1 Misses,165111
20,23,RB Tree,Branch Misses,337045
20,23,WAVL Tree,L1 Misses,168405
20,23,WAVL Tree,Branch Misses,362122
20,24,RB Tree,L1 Misses,166275
20,24,RB Tree,Branch Misses,334044
20,24,WAVL Tree,L1 Misses,182582
20,24,WAVL Tree,Branch Misses,362420
20,25,RB Tree,L1 Misses,166743
20,25,RB Tree,Branch Misses,337755
20,25,WAVL Tree,L1 Misses,171954
20,25,WAVL Tree,Branch Misses,363766
20,26,RB Tree,L1 Misses,179113
20,26,RB Tree,Branch Misses,338481
20,26,WAVL Tree,L1 Misses,169123
20,26,WAVL Tree,Branch Misses,362485
20,27,RB Tree,L1 Misses,166792
20,27,RB Tree,Branch Misses,336482
20,27,WAVL Tree,L1 Misses,170231
20,27,WAVL Tree,Branch Misses,360716
20,28,RB Tree,L1 Misses,167877
20,28,RB Tree,Branch Misses,338116
20,28,WAVL Tree,L1 Misses,170865
20,28,WAVL Tree,Branch Misses,363513
20,29,RB Tree,L1 Misses,169629
20,29,RB Tree,Branch Misses,335869
20,29,WAVL Tree,L1 Misses,170758
20,29,WAVL Tree,Branch Misses,361179
20,30,RB Tree,L1 Misses,168051
20,30,RB Tree,Branch Misses,338558
20,30,WAVL Tree,L1 Misses,170888
20,30,WAVL Tree,Branch Misses,363891
20,31,RB Tree,L1 Misses,169566
20,31,RB Tree,Branch Misses,334009
20,31,WAVL Tree,L1 Misses,172918
20,31,WAVL Tree,Branch Misses,363012
20,32,RB Tree,L1 Misses,168557
20,32,RB Tree,Branch Misses,339129
20,32,WAVL Tree,L1 Misses,170309
20,32,WAVL Tree,Branch Misses,359226
20,33,RB Tree,L1 Misses,165489
20,33,RB Tree,Branch Misses,336360
20,33,WAVL Tree,L1 Misses,171258
20,33,WAVL Tree,Branch Misses,363807
20,34,RB Tree,L1 Misses,166414
20,34,RB Tree,Branch Misses,338028
20,34,WAVL Tree,L1 Misses,170909
20,34,WAVL Tree,Branch Misses,360168
20,35,RB Tree,L1 Misses,176059
20,35,RB Tree,Branch Misses,336144
20,35,WAVL Tree,L1 Misses,167808
20,35,WAVL Tree,Branch Misses,360447
20,36,RB Tree,L1 Misses,165890
20,36,RB Tree,Branch Misses,336649
20,36,WAVL Tree,L1 Misses,169393
20,36,WAVL Tree,Branch Misses,362399
20,37,RB Tree,L1 Misses,169022
20,37,RB Tree,Branch Misses,333554
20,37,WAVL Tree,L1 Misses,182203
20,37,WAVL Tree,Branch Misses,361542
20,38,RB Tree,L1 Misses,166209
20,38,RB Tree,Branch Misses,337156
20,38,WAVL Tree,L1 Misses,170857
20,38,WAVL Tree,Branch Misses,363079
20,39,RB Tree,L1 Misses,165977
20,39,RB Tree,Branch Misses,334309
20,39,WAVL Tree,L1 Misses,171011
20,39,WAVL Tree,Branch Misses,363942
20,40,RB Tree,L1 Misses,166608
20,40,RB Tree,Branch Misses,338730
20,40,WAVL Tree,L1 Misses,169583
20,40,WAVL Tree,Branch Misses,361310
20,41,RB Tree,L1 Misses,167737
20,41,RB Tree,Branch Misses,338551
20,41,WAVL Tree,L1 Misses,170885
20,41,WAVL Tree,Branch Misses,365042
20,42,RB Tree,L1 Misses,165426
20,42,RB Tree,Branch Misses,335805
20,42,WAVL Tree,L1 Misses,174026
20,42,WAVL Tree,Branch Misses,361691
20,43,RB Tree,L1 Misses,170408
20,43,RB Tree,Branch Misses,339765
20,43,WAVL Tree,L1 Misses,180669
20,43,WAVL Tree,Branch Misses,363262
20,44,RB Tree,L1 Misses,169537
20,44,RB Tree,Branch Misses,339375
20,44,WAVL Tree,L1 Misses,172989
20,44,WAVL Tree,Branch Misses,361018
20,45,RB Tree,L1 Misses,172553
20,45,RB Tree,Branch Misses,339184
20,45,WAVL Tree,L1 Misses,174582
20,45,WAVL Tree,Branch Misses,363599
20,46,RB Tree,L1 Misses,167939
20,46,RB Tree,Branch Misses,339187
20,46,WAVL Tree,L1 Misses,169697
20,46,WAVL Tree,Branch Misses,361435
20,47,RB Tree,L1 Misses,169432
20,47,RB Tree,Branch Misses,339286
20,47,WAVL Tree,L1 Misses,171479
20,47,WAVL Tree,Branch Misses,364164
20,48,RB Tree,L1 Misses,165680
20,48,RB Tree,Branch Misses,335402
20,48,WAVL Tree,L1 Misses,170320
20,48,WAVL Tree,Branch Misses,362121
20,49,RB Tree,L1 Misses,172691
20,49,RB Tree,Branch Misses,339279
20,49,WAVL Tree,L1 Misses,170167
20,49,WAVL Tree,Branch Misses,363775
20,50,RB Tree,L1 Misses,169532
20,50,RB Tree,Branch Misses,335936
20,50,WAVL Tree,L1 Misses,172275
20,50,WAVL Tree,Branch Misses,365817
30,1,RB Tree,L1 Misses,179965
30,1,RB Tree,Branch Misses,359262
30,1,WAVL Tree,L1 Misses,183343
30,1,WAVL Tree,Branch Misses,383602
30,2,RB Tree,L1 Misses,178938
30,2,RB Tree,Branch Misses,356795
30,2,WAVL Tree,L1 Misses,181258
30,2,WAVL Tree,Branch Misses,382250
30,3,RB Tree,L1 Misses,181249
30,3,RB Tree,Branch Misses,357313
30,3,WAVL Tree,L1 Misses,180759
30,3,WAVL Tree,Branch Misses,384528
30,4,RB Tree,L1 Misses,178586
30,4,RB Tree,Branch Misses,355247
30,4,WAVL Tree,L1 Misses,181581
30,4,WAVL Tree,Branch Misses,383076
30,5,RB Tree,L1 Misses,180818
30,5,RB Tree,Branch Misses,358203
30,5,WAVL Tree,L1 Misses,181977
30,5,WAVL Tree,Branch Misses,384625
30,6,RB Tree,L1 Misses,177134
30,6,RB Tree,Branch Misses,356042
30,6,WAVL Tree,L1 Misses,183486
30,6,WAVL Tree,Branch Misses,382464
30,7,RB Tree,L1 Misses,177110
30,7,RB Tree,Branch Misses,358000
30,7,WAVL Tree,L1 Misses,181483
30,7,WAVL Tree,Branch Misses,386290
30,8,RB Tree,L1 Misses,186864
30,8,RB Tree,Branch Misses,355445
30,8,WAVL Tree,L1 Misses,182284
30,8,WAVL Tree,Branch Misses,386612
30,9,RB Tree,L1 Misses,178076
30,9,RB Tree,Branch Misses,357258
30,9,WAVL Tree,L1 Misses,183749
30,9,WAVL Tree,Branch Misses,386031
30,10,RB Tree,L1 Misses,180538
30,10,RB Tree,Branch Misses,357848
30,10,WAVL Tree,L1 Misses,182340
30,10,WAVL Tree,Branch Misses,385150
30,11,RB Tree,L1 Misses,179058
30,11,RB Tree,Branch Misses,356313
30,11,WAVL Tree,L1 Misses,182400
30,11,WAVL Tree,Branch Misses,384008
30,12,RB Tree,L1 Misses,179056
30,12,RB Tree,Branch Misses,357177
30,12,WAVL Tree,L1 Misses,182515
30,12,WAVL Tree,Branch Misses,384535
30,13,RB Tree,L1 Misses,178607
30,13,RB Tree,Branch Misses,356932
30,13,WAVL Tree,L1 Misses,182956
30,13,WAVL Tree,Branch Misses,381927
30,14,RB Tree,L1 Misses,182261
30,14,RB Tree,Branch Misses,358391
30,14,WAVL Tree,L1 Misses,182660
30,14,WAVL Tree,Branch Misses,385528
30,15,RB Tree,L1 Misses,179492
30,15,RB Tree,Branch Misses,355037
30,15,WAVL Tree,L1 Misses,182338
30,15,WAVL Tree,Branch Misses,384255
30,16,RB Tree,L1 Misses,178742
30,16,RB Tree,Branch Misses,358390
30,16,WAVL Tree,L1 Misses,181865
30,16,WAVL Tree,Branch Misses,382200
30,17,RB Tree,L1 Misses,179085
30,17,RB Tree,Branch Misses,356594
30,17,WAVL Tree,L1 Misses,181915
30,17,WAVL Tree,Branch Misses,385185
30,18,RB Tree,L1 Misses,177616
30,18,RB Tree,Branch Misses,353565
30,18,WAVL Tree,L1 Misses,181352
30,18,WAVL Tree,Branch Misses,384188
30,19,RB Tree,L1 Misses,177075
30,19,RB Tree,Branch Misses,353761
30,19,WAVL Tree,L1 Misses,181588
30,19,WAVL Tree,Branch Misses,385058
30,20,RB Tree,L1 Misses,179061
30,20,RB Tree,Branch Misses,357870
30,20,WAVL Tree,L1 Misses,181151
30,20,WAVL Tree,Branch Misses,386309
30,21,RB Tree,L1 Misses,179656
30,21,RB Tree,Branch Misses,356581
30,21,WAVL Tree,L1 Misses,190692
30,21,WAVL Tree,Branch Misses,386058
30,22,RB Tree,L1 Misses,179039
30,22,RB Tree,Branch Misses,357785
30,22,WAVL Tree,L1 Misses,182135
30,22,WAVL Tree,Branch Misses,386234
30,23,RB Tree,L1 Misses,180840
30,23,RB Tree,Branch Misses,359920
30,23,WAVL Tree,L1 Misses,182590
30,23,WAVL Tree,Branch Misses,381849
30,24,RB Tree,L1 Misses,179935
30,24,RB Tree,Branch Misses,359271
30,24,WAVL Tree,L1 Misses,182301
30,24,WAVL Tree,Branch Misses,383312
30,25,RB Tree,L1 Misses,180328
30,25,RB Tree,Branch Misses,356349
30,25,WAVL Tree,L1 Misses,181159
30,25,WAVL Tree,Branch Misses,385787
30,26,RB Tree,L1 Misses,181595
30,26,RB Tree,Branch Misses,356562
30,26,WAVL Tree,L1 Misses,181605
30,26,WAVL Tree,Branch Misses,385707
30,27,RB Tree,L1 Misses,179408
30,27,RB Tree,Branch Misses,357271
30,27,WAVL Tree,L1 Misses,183471
30,27,WAVL Tree,Branch Misses,385677
30,28,RB Tree,L1 Misses,180102
30,28,RB Tree,Branch Misses,358336
30,28,WAVL Tree,L1 Misses,181702
30,28,WAVL Tree,Branch Misses,383422
30,29,RB Tree,L1 Misses,180389
30,29,RB Tree,Branch Misses,357996
30,29,WAVL Tree,L1 Misses,185852
30,29,WAVL Tree,Branch Misses,385424
30,30,RB Tree,L1 Misses,181974
30,30,RB Tree,Branch Misses,360050
30,30,WAVL Tree,L1 Misses,184051
30,30,WAVL Tree,Branch Misses,385573
30,31,RB Tree,L1 Misses,178557
30,31,RB Tree,Branch Misses,359133
30,31,WAVL Tree,L1 Misses,181226
30,31,WAVL Tree,Branch Misses,383300
30,32,RB Tree,L1 Misses,178349
30,32,RB Tree,Branch Misses,358589
30,32,WAVL Tree,L1 Misses,181543
30,32,WAVL Tree,Branch Misses,383729
30,33,RB Tree,L1 Misses,180705
30,33,RB Tree,Branch Misses,356835
30,33,WAVL Tree,L1 Misses,186390
30,33,WAVL Tree,Branch Misses,386620
30,34,RB Tree,L1 Misses,177306
30,34,RB Tree,Branch Misses,356992
30,34,WAVL Tree,L1 Misses,182195
30,34,WAVL Tree,Branch Misses,384233
30,35,RB Tree,L1 Misses,177545
30,35,RB Tree,Branch Misses,358374
30,35,WAVL Tree,L1 Misses,181712
30,35,WAVL Tree,Branch Misses,385795
30,36,RB Tree,L1 Misses,176704
30,36,RB Tree,Branch Misses,357600
30,36,WAVL Tree,L1 Misses,193413
30,36,WAVL Tree,Branch Misses,384665
30,37,RB Tree,L1 Misses,179303
30,37,RB Tree,Branch Misses,357535
30,37,WAVL Tree,L1 Misses,182736
30,37,WAVL Tree,Branch Misses,383360
30,38,RB Tree,L1 Misses,178445
30,38,RB Tree,Branch Misses,356772
30,38,WAVL Tree,L1 Misses,182039
30,38,WAVL Tree,Branch Misses,384496
30,39,RB Tree,L1 Misses,179138
30,39,RB Tree,Branch Misses,356477
30,39,WAVL Tree,L1 Misses,181793
30,39,WAVL Tree,Branch Misses,384173
30,40,RB Tree,L1 Misses,178768
30,40,RB Tree,Branch Misses,355225
30,40,WAVL Tree,L1 Misses,181564
30,40,WAVL Tree,Branch Misses,384012
30,41,RB Tree,L1 Misses,185103
30,41,RB Tree,Branch Misses,355786
30,41,WAVL Tree,L1 Misses,181991
30,41,WAVL Tree,Branch Misses,384466
30,42,RB Tree,L1 Misses,179314
30,42,RB Tree,Branch Misses,357393
30,42,WAVL Tree,L1 Misses,181323
30,42,WAVL Tree,Branch Misses,380601
30,43,RB Tree,L1 Misses,180180
30,43,RB Tree,Branch Misses,358435
30,43,WAVL Tree,L1 Misses,180179
30,43,WAVL Tree,Branch Misses,382178
30,44,RB Tree,L1 Misses,177582
30,44,RB Tree,Branch Misses,358057
30,44,WAVL Tree,L1 Misses,180557
30,44,WAVL Tree,Branch Misses,382477
30,45,RB Tree,L1 Misses,178571
30,45,RB Tree,Branch Misses,358532
30,45,WAVL Tree,L1 Misses,180814
30,45,WAVL Tree,Branch Misses,385514
30,46,RB Tree,L1 Misses,179339
30,46,RB Tree,Branch Misses,357989
30,46,WAVL Tree,L1 Misses,183386
30,46,WAVL Tree,Branch Misses,386201
30,47,RB Tree,L1 Misses,177830
30,47,RB Tree,Branch Misses,359723
30,47,WAVL Tree,L1 Misses,182992
30,47,WAVL Tree,Branch Misses,385151
30,48,RB Tree,L1 Misses,178466
30,48,RB Tree,Branch Misses,359753
30,48,WAVL Tree,L1 Misses,185871
30,48,WAVL Tree,Branch Misses,385597
30,49,RB Tree,L1 Misses,179998
30,49,RB Tree,Branch Misses,358672
30,49,WAVL Tree,L1 Misses,182064
30,49,WAVL Tree,Branch Misses,385168
30,50,RB Tree,L1 Misses,180678
30,50,RB Tree,Branch Misses,353434
30,50,WAVL Tree,L1 Misses,182017
30,50,WAVL Tree,Branch Misses,383688
40,1,RB Tree,L1 Misses,188163
40,1,RB Tree,Branch Misses,377961
40,1,WAVL Tree,L1 Misses,191979
40,1,WAVL Tree,Branch Misses,406793
40,2,RB Tree,L1 Misses,188485
40,2,RB Tree,Branch Misses,376380
40,2,WAVL Tree,L1 Misses,193081
40,2,WAVL Tree,Branch Misses,405618
40,3,RB Tree,L1 Misses,187887
40,3,RB Tree,Branch Misses,377727
40,3,WAVL Tree,L1 Misses,192578
40,3,WAVL Tree,Branch Misses,408159
40,4,RB Tree,L1 Misses,188698
40,4,RB Tree,Branch Misses,375506
40,4,WAVL Tree,L1 Misses,194064
40,4,WAVL Tree,Branch Misses,404958
40,5,RB Tree,L1 Misses,187474
40,5,RB Tree,Branch Misses,376573
40,5,WAVL Tree,L1 Misses,192460
40,5,WAVL Tree,Branch Misses,406408
40,6,RB Tree,L1 Misses,187657
40,6,RB Tree,Branch Misses,378090
40,6,WAVL Tree,L1 Misses,194224
40,6,WAVL Tree,Branch Misses,406340
40,7,RB Tree,L1 Misses,188571
40,7,RB Tree,Branch Misses,375053
40,7,WAVL Tree,L1 Misses,194492
40,7,WAVL Tree,Branch Misses,405145
40,8,RB Tree,L1 Misses,188999
40,8,RB Tree,Branch Misses,378307
40,8,WAVL Tree,L1 Misses,201345
40,8,WAVL Tree,Branch Misses,405154
40,9,RB Tree,L1 Misses,189564
40,9,RB Tree,Branch Misses,374669
40,9,WAVL Tree,L1 Misses,194099
40,9,WAVL Tree,Branch Misses,408185
40,10,RB Tree,L1 Misses,186194
40,10,RB Tree,Branch Misses,373586
40,10,WAVL Tree,L1 Misses,193043
40,10,WAVL Tree,Branch Misses,408027
40,11,RB Tree,L1 Misses,187765
40,11,RB Tree,Branch Misses,378008
40,11,WAVL Tree,L1 Misses,193863
40,11,WAVL Tree,Branch Misses,406643
40,12,RB Tree,L1 Misses,188725
40,12,RB Tree,Branch Misses,377642
40,12,WAVL Tree,L1 Misses,191475
40,12,WAVL Tree,Branch Misses,407926
40,13,RB Tree,L1 Misses,195644
40,13,RB Tree,Branch Misses,377966
40,13,WAVL Tree,L1 Misses,190731
40,13,WAVL Tree,Branch Misses,407352
40,14,RB Tree,L1 Misses,187067
40,14,RB Tree,Branch Misses,376268
40,14,WAVL Tree,L1 Misses,191883
40,14,WAVL Tree,Branch Misses,404977
40,15,RB Tree,L1 Misses,186357
40,15,RB Tree,Branch Misses,377595
40,15,WAVL Tree,L1 Misses,191866
40,15,WAVL Tree,Branch Misses,404398
40,16,RB Tree,L1 Misses,188253
40,16,RB Tree,Branch Misses,377012
40,16,WAVL Tree,L1 Misses,192710
40,16,WAVL Tree,Branch Misses,406188
40,17,RB Tree,L1 Misses,186921
40,17,RB Tree,Branch Misses,377497
40,17,WAVL Tree,L1 Misses,191322
40,17,WAVL Tree,Branch Misses,403179
40,18,RB Tree,L1 Misses,191308
40,18,RB Tree,Branch Misses,376101
40,18,WAVL Tree,L1 Misses,194581
40,18,WAVL Tree,Branch Misses,403239
40,19,RB Tree,L1 Misses,188622
40,19,RB Tree,Branch Misses,378642
40,19,WAVL Tree,L1 Misses,194333
40,19,WAVL Tree,Branch Misses,407622
40,20,RB Tree,L1 Misses,187687
40,20,RB Tree,Branch Misses,374070
40,20,WAVL Tree,L1 Misses,193140
40,20,WAVL Tree,Branch Misses,405935
40,21,RB Tree,L1 Misses,189062
40,21,RB Tree,Branch Misses,377749
40,21,WAVL Tree,L1 Misses,191556
40,21,WAVL Tree,Branch Misses,404273
40,22,RB Tree,L1 Misses,188440
40,22,RB Tree,Branch Misses,376685
40,22,WAVL Tree,L1 Misses,192180
40,22,WAVL Tree,Branch Misses,407453
40,23,RB Tree,L1 Misses,188573
40,23,RB Tree,Branch Misses,377494
40,23,WAVL Tree,L1 Misses,191843
40,23,WAVL Tree,Branch Misses,405303
40,24,RB Tree,L1 Misses,189156
40,24,RB Tree,Branch Misses,378161
40,24,WAVL Tree,L1 Misses,191405
40,24,WAVL Tree,Branch Misses,406773
40,25,RB Tree,L1 Misses,188130
40,25,RB Tree,Branch Misses,376365
40,25,WAVL Tree,L1 Misses,193391
40,25,WAVL Tree,Branch Misses,405988
40,26,RB Tree,L1 Misses,187294
40,26,RB Tree,Branch Misses,377601
40,26,WAVL Tree,L1 Misses,196409
40,26,WAVL Tree,Branch Misses,406829
40,27,RB Tree,L1 Misses,187812
40,27,RB Tree,Branch Misses,376552
40,27,WAVL Tree,L1 Misses,192917
40,27,WAVL Tree,Branch Misses,407705
40,28,RB Tree,L1 Misses,189585
40,28,RB Tree,Branch Misses,379403
40,28,WAVL Tree,L1 Misses,194190
40,28,WAVL Tree,Branch Misses,405422
40,29,RB Tree,L1 Misses,187125
40,29,RB Tree,Branch Misses,375448
40,29,WAVL Tree,L1 Misses,192782
40,29,WAVL Tree,Branch Misses,406837
40,30,RB Tree,L1 Misses,190767
40,30,RB Tree,Branch Misses,375619
40,30,WAVL Tree,L1 Misses,196666
40,30,WAVL Tree,Branch Misses,406887
40,31,RB Tree,L1 Misses,190258
40,31,RB Tree,Branch Misses,378262
40,31,WAVL Tree,L1 Misses,191946
40,31,WAVL Tree,Branch Misses,404875
40,32,RB Tree,L1 Misses,193782
40,32,RB Tree,Branch Misses,376598
40,32,WAVL Tree,L1 Misses,191986
40,32,WAVL Tree,Branch Misses,405688
40,33,RB Tree,L1 Misses,190862
40,33,RB Tree,Branch Misses,375390
40,33,WAVL Tree,L1 Misses,194224
40,33,WAVL Tree,Branch Misses,408216
40,34,RB Tree,L1 Misses,190853
40,34,RB Tree,Branch Misses,377081
40,34,WAVL Tree,L1 Misses,191924
40,34,WAVL Tree,Branch Misses,404380
40,35,RB Tree,L1 Misses,197315
40,35,RB Tree,Branch Misses,376242
40,35,WAVL Tree,L1 Misses,192347
40,35,WAVL Tree,Branch Misses,403889
40,36,RB Tree,L1 Misses,188972
40,36,RB Tree,Branch Misses,377506
40,36,WAVL Tree,L1 Misses,192692
40,36,WAVL Tree,Branch Misses,405347
40,37,RB Tree,L1 Misses,187833
40,37,RB Tree,Branch Misses,374687
40,37,WAVL Tree,L1 Misses,192656
40,37,WAVL Tree,Branch Misses,406892
40,38,RB Tree,L1 Misses,187470
40,38,RB Tree,Branch Misses,376041
40,38,WAVL Tree,L1 Misses,192388
40,38,WAVL Tree,Branch Misses,404353
40,39,RB Tree,L1 Misses,186655
40,39,RB Tree,Branch Misses,373343
40,39,WAVL Tree,L1 Misses,190601
40,39,WAVL Tree,Branch Misses,403888
40,40,RB Tree,L1 Misses,189107
40,40,RB Tree,Branch Misses,376157
40,40,WAVL Tree,L1 Misses,192947
40,40,WAVL Tree,Branch Misses,405870
40,41,RB Tree,L1 Misses,185756
40,41,RB Tree,Branch Misses,375653
40,41,WAVL Tree,L1 Misses,191867
40,41,WAVL Tree,Branch Misses,406406
40,42,RB Tree,L1 Misses,186757
40,42,RB Tree,Branch Misses,377554
40,42,WAVL Tree,L1 Misses,191230
40,42,WAVL Tree,Branch Misses,401718
40,43,RB Tree,L1 Misses,187500
40,43,RB Tree,Branch Misses,378782
40,43,WAVL Tree,L1 Misses,192930
40,43,WAVL Tree,Branch Misses,407246
40,44,RB Tree,L1 Misses,187517
40,44,RB Tree,Branch Misses,378528
40,44,WAVL Tree,L1 Misses,192441
40,44,WAVL Tree,Branch Misses,405726
40,45,RB Tree,L1 Misses,189251
40,45,RB Tree,Branch Misses,377824
40,45,WAVL Tree,L1 Misses,193435
40,45,WAVL Tree,Branch Misses,407601
40,46,RB Tree,L1 Misses,187597
40,46,RB Tree,Branch Misses,377851
40,46,WAVL Tree,L1 Misses,196576
40,46,WAVL Tree,Branch Misses,407280
40,47,RB Tree,L1 Misses,189242
40,47,RB Tree,Branch Misses,378606
40,47,WAVL Tree,L1 Misses,195983
40,47,WAVL Tree,Branch Misses,405570
40,48,RB Tree,L1 Misses,187797
40,48,RB Tree,Branch Misses,376215
40,48,WAVL Tree,L1 Misses,192836
40,48,WAVL Tree,Branch Misses,405609
40,49,RB Tree,L1 Misses,191961
40,49,RB Tree,Branch Misses,378644
40,49,WAVL Tree,L1 Misses,194155
40,49,WAVL Tree,Branch Misses,409173
40,50,RB Tree,L1 Misses,191286
40,50,RB Tree,Branch Misses,376283
40,50,WAVL Tree,L1 Misses,193213
40,50,WAVL Tree,Branch Misses,406599
50,1,RB Tree,L1 Misses,199952
50,1,RB Tree,Branch Misses,397600
50,1,WAVL Tree,L1 Misses,204420
50,1,WAVL Tree,Branch Misses,429899
50,2,RB Tree,L1 Misses,199512
50,2,RB Tree,Branch Misses,396652
50,2,WAVL Tree,L1 Misses,203460
50,2,WAVL Tree,Branch Misses,427314
50,3,RB Tree,L1 Misses,198667
50,3,RB Tree,Branch Misses,395272
50,3,WAVL Tree,L1 Misses,206553
50,3,WAVL Tree,Branch Misses,428508
50,4,RB Tree,L1 Misses,198701
50,4,RB Tree,Branch Misses,396622
50,4,WAVL Tree,L1 Misses,205066
50,4,WAVL Tree,Branch Misses,429587
50,5,RB Tree,L1 Misses,209665
50,5,RB Tree,Branch Misses,397723
50,5,WAVL Tree,L1 Misses,207971
50,5,WAVL Tree,Branch Misses,428800
50,6,RB Tree,L1 Misses,200492
50,6,RB Tree,Branch Misses,398625
50,6,WAVL Tree,L1 Misses,206229
50,6,WAVL Tree,Branch Misses,427316
50,7,RB Tree,L1 Misses,200264
50,7,RB Tree,Branch Misses,395946
50,7,WAVL Tree,L1 Misses,205125
50,7,WAVL Tree,Branch Misses,427899
50,8,RB Tree,L1 Misses,200645
50,8,RB Tree,Branch Misses,396022
50,8,WAVL Tree,L1 Misses,206457
50,8,WAVL Tree,Branch Misses,430723
50,9,RB Tree,L1 Misses,198943
50,9,RB Tree,Branch Misses,395058
50,9,WAVL Tree,L1 Misses,203092
50,9,WAVL Tree,Branch Misses,429288
50,10,RB Tree,L1 Misses,197501
50,10,RB Tree,Branch Misses,395046
50,10,WAVL Tree,L1 Misses,205790
50,10,WAVL Tree,Branch Misses,429980
50,11,RB Tree,L1 Misses,199997
50,11,RB Tree,Branch Misses,397733
50,11,WAVL Tree,L1 Misses,204017
50,11,WAVL Tree,Branch Misses,430010
50,12,RB Tree,L1 Misses,200044
50,12,RB Tree,Branch Misses,395053
50,12,WAVL Tree,L1 Misses,205104
50,12,WAVL Tree,Branch Misses,427115
50,13,RB Tree,L1 Misses,199040
50,13,RB Tree,Branch Misses,396684
50,13,WAVL Tree,L1 Misses,205690
50,13,WAVL Tree,Branch Misses,426799
50,14,RB Tree,L1 Misses,200089
50,14,RB Tree,Branch Misses,399232
50,14,WAVL Tree,L1 Misses,220699
50,14,WAVL Tree,Branch Misses,427001
50,15,RB Tree,L1 Misses,199742
50,15,RB Tree,Branch Misses,395679
50,15,WAVL Tree,L1 Misses,204390
50,15,WAVL Tree,Branch Misses,429246
50,16,RB Tree,L1 Misses,199553
50,16,RB Tree,Branch Misses,396101
50,16,WAVL Tree,L1 Misses,206591
50,16,WAVL Tree,Branch Misses,428248
50,17,RB Tree,L1 Misses,200618
50,17,RB Tree,Branch Misses,396061
50,17,WAVL Tree,L1 Misses,203752
50,17,WAVL Tree,Branch Misses,428091
50,18,RB Tree,L1 Misses,196717
50,18,RB Tree,Branch Misses,392920
50,18,WAVL Tree,L1 Misses,201229
50,18,WAVL Tree,Branch Misses,426282
50,19,RB Tree,L1 Misses,196791
50,19,RB Tree,Branch Misses,392641
50,19,WAVL Tree,L1 Misses,206553
50,19,WAVL Tree,Branch Misses,426948
50,20,RB Tree,L1 Misses,200773
50,20,RB Tree,Branch Misses,396862
50,20,WAVL Tree,L1 Misses,202441
50,20,WAVL Tree,Branch Misses,424130
50,21,RB Tree,L1 Misses,197503
50,21,RB Tree,Branch Misses,394074
50,21,WAVL Tree,L1 Misses,203166
50,21,WAVL Tree,Branch Misses,426719
50,22,RB Tree,L1 Misses,198743
50,22,RB Tree,Branch Misses,396378
50,22,WAVL Tree,L1 Misses,207161
50,22,WAVL Tree,Branch Misses,427853
50,23,RB Tree,L1 Misses,198952
50,23,RB Tree,Branch Misses,394839
50,23,WAVL Tree,L1 Misses,204843
50,23,WAVL Tree,Branch Misses,428621
50,24,RB Tree,L1 Misses,198848
50,24,RB Tree,Branch Misses,394887
50,24,WAVL Tree,L1 Misses,202746
50,24,WAVL Tree,Branch Misses,425744
50,25,RB Tree,L1 Misses,200575
50,25,RB Tree,Branch Misses,395970
50,25,WAVL Tree,L1 Misses,206080
50,25,WAVL Tree,Branch Misses,429310
50,26,RB Tree,L1 Misses,200123
50,26,RB Tree,Branch Misses,396443
50,26,WAVL Tree,L1 Misses,204597
50,26,WAVL Tree,Branch Misses,426125
50,27,RB Tree,L1 Misses,196830
50,27,RB Tree,Branch Misses,394286
50,27,WAVL Tree,L1 Misses,204986
50,27,WAVL Tree,Branch Misses,425434
50,28,RB Tree,L1 Misses,196225
50,28,RB Tree,Branch Misses,394434
50,28,WAVL Tree,L1 Misses,201162
50,28,WAVL Tree,Branch Misses,426712
50,29,RB Tree,L1 Misses,197996
50,29,RB Tree,Branch Misses,396951
50,29,WAVL Tree,L1 Misses,203373
50,29,WAVL Tree,Branch Misses,428963
50,30,RB Tree,L1 Misses,197854
50,30,RB Tree,Branch Misses,397201
50,30,WAVL Tree,L1 Misses,204338
50,30,WAVL Tree,Branch Misses,429964
50,31,RB Tree,L1 Misses,198492
50,31,RB Tree,Branch Misses,394470
50,31,WAVL Tree,L1 Misses,205987
50,31,WAVL Tree,Branch Misses,427311
50,32,RB Tree,L1 Misses,198582
50,32,RB Tree,Branch Misses,397922
50,32,WAVL Tree,L1 Misses,203176
50,32,WAVL Tree,Branch Misses,428071
50,33,RB Tree,L1 Misses,196906
50,33,RB Tree,Branch Misses,396605
50,33,WAVL Tree,L1 Misses,208676
50,33,WAVL Tree,Branch Misses,427139
50,34,RB Tree,L1 Misses,198592
50,34,RB Tree,Branch Misses,397612
50,34,WAVL Tree,L1 Misses,202037
50,34,WAVL Tree,Branch Misses,427411
50,35,RB Tree,L1 Misses,198437
50,35,RB Tree,Branch Misses,395179
50,35,WAVL Tree,L1 Misses,204406
50,35,WAVL Tree,Branch Misses,427590
50,36,RB Tree,L1 Misses,203827
50,36,RB Tree,Branch Misses,394274
50,36,WAVL Tree,L1 Misses,209101
50,36,WAVL Tree,Branch Misses,429483
50,37,RB Tree,L1 Misses,200609
50,37,RB Tree,Branch Misses,398844
50,37,WAVL Tree,L1 Misses,204911
50,37,WAVL Tree,Branch Misses,429336
50,38,RB Tree,L1 Misses,199247
50,38,RB Tree,Branch Misses,396751
50,38,WAVL Tree,L1 Misses,205301
50,38,WAVL Tree,Branch Misses,428910
50,39,RB Tree,L1 Misses,199532
50,39,RB Tree,Branch Misses,394895
50,39,WAVL Tree,L1 Misses,204051
50,39,WAVL Tree,Branch Misses,427027
50,40,RB Tree,L1 Misses,200135
50,40,RB Tree,Branch Misses,395839
50,40,WAVL Tree,L1 Misses,203752
50,40,WAVL Tree,Branch Misses,430938
50,41,RB Tree,L1 Misses,202783
50,41,RB Tree,Branch Misses,396840
50,41,WAVL Tree,L1 Misses,204607
50,41,WAVL Tree,Branch Misses,427427
50,42,RB Tree,L1 Misses,197294
50,42,RB Tree,Branch Misses,396022
50,42,WAVL Tree,L1 Misses,203688
50,42,WAVL Tree,Branch Misses,427597
50,43,RB Tree,L1 Misses,197785
50,43,RB Tree,Branch Misses,395503
50,43,WAVL Tree,L1 Misses,203602
50,43,WAVL Tree,Branch Misses,427292
50,44,RB Tree,L1 Misses,198892
50,44,RB Tree,Branch Misses,396520
50,44,WAVL Tree,L1 Misses,204570
50,44,WAVL Tree,Branch Misses,428141
50,45,RB Tree,L1 Misses,197976
50,45,RB Tree,Branch Misses,393814
50,45,WAVL Tree,L1 Misses,203927
50,45,WAVL Tree,Branch Misses,426082
50,46,RB Tree,L1 Misses,197427
50,46,RB Tree,Branch Misses,396833
50,46,WAVL Tree,L1 Misses,203605
50,46,WAVL Tree,Branch Misses,428429
50,47,RB Tree,L1 Misses,199616
50,47,RB Tree,Branch Misses,396647
50,47,WAVL Tree,L1 Misses,204583
50,47,WAVL Tree,Branch Misses,429646
50,48,RB Tree,L1 Misses,199399
50,48,RB Tree,Branch Misses,395248
50,48,WAVL Tree,L1 Misses,204503
50,48,WAVL Tree,Branch Misses,427512
50,49,RB Tree,L1 Misses,201105
50,49,RB Tree,Branch Misses,396649
50,49,WAVL Tree,L1 Misses,205052
50,49,WAVL Tree,Branch Misses,427510
50,50,RB Tree,L1 Misses,198643
50,50,RB Tree,Branch Misses,396114
50,50,WAVL Tree,L1 Misses,203946
50,50,WAVL Tree,Branch Misses,427646
60,1,RB Tree,L1 Misses,209013
60,1,RB Tree,Branch Misses,416751
60,1,WAVL Tree,L1 Misses,212766
60,1,WAVL Tree,Branch Misses,448994
60,2,RB Tree,L1 Misses,207826
60,2,RB Tree,Branch Misses,415091
60,2,WAVL Tree,L1 Misses,215690
60,2,WAVL Tree,Branch Misses,449201
60,3,RB Tree,L1 Misses,207668
60,3,RB Tree,Branch Misses,416029
60,3,WAVL Tree,L1 Misses,214586
60,3,WAVL Tree,Branch Misses,450314
60,4,RB Tree,L1 Misses,206040
60,4,RB Tree,Branch Misses,414343
60,4,WAVL Tree,L1 Misses,215358
60,4,WAVL Tree,Branch Misses,449144
60,5,RB Tree,L1 Misses,206212
60,5,RB Tree,Branch Misses,415038
60,5,WAVL Tree,L1 Misses,212974
60,5,WAVL Tree,Branch Misses,447495
60,6,RB Tree,L1 Misses,207305
60,6,RB Tree,Branch Misses,414711
60,6,WAVL Tree,L1 Misses,213975
60,6,WAVL Tree,Branch Misses,447150
60,7,RB Tree,L1 Misses,208181
60,7,RB Tree,Branch Misses,415721
60,7,WAVL Tree,L1 Misses,214931
60,7,WAVL Tree,Branch Misses,450498
60,8,RB Tree,L1 Misses,209791
60,8,RB Tree,Branch Misses,414456
60,8,WAVL Tree,L1 Misses,214111
60,8,WAVL Tree,Branch Misses,451378
60,9,RB Tree,L1 Misses,207615
60,9,RB Tree,Branch Misses,414368
60,9,WAVL Tree,L1 Misses,214930
60,9,WAVL Tree,Branch Misses,450888
60,10,RB Tree,L1 Misses,239284
60,10,RB Tree,Branch Misses,414142
60,10,WAVL Tree,L1 Misses,213554
60,10,WAVL Tree,Branch Misses,450041
60,11,RB Tree,L1 Misses,207845
60,11,RB Tree,Branch Misses,414087
60,11,WAVL Tree,L1 Misses,213698
60,11,WAVL Tree,Branch Misses,449818
60,12,RB Tree,L1 Misses,206219
60,12,RB Tree,Branch Misses,416884
60,12,WAVL Tree,L1 Misses,215269
60,12,WAVL Tree,Branch Misses,446312
60,13,RB Tree,L1 Misses,207404
60,13,RB Tree,Branch Misses,416914
60,13,WAVL Tree,L1 Misses,209445
60,13,WAVL Tree,Branch Misses,442615
60,14,RB Tree,L1 Misses,206468
60,14,RB Tree,Branch Misses,416067
60,14,WAVL Tree,L1 Misses,212991
60,14,WAVL Tree,Branch Misses,449862
60,15,RB Tree,L1 Misses,207009
60,15,RB Tree,Branch Misses,415762
60,15,WAVL Tree,L1 Misses,213686
60,15,WAVL Tree,Branch Misses,451033
60,16,RB Tree,L1 Misses,213524
60,16,RB Tree,Branch Misses,416544
60,16,WAVL Tree,L1 Misses,212546
60,16,WAVL Tree,Branch Misses,449851
60,17,RB Tree,L1 Misses,209499
60,17,RB Tree,Branch Misses,414019
60,17,WAVL Tree,L1 Misses,215117
60,17,WAVL Tree,Branch Misses,449275
60,18,RB Tree,L1 Misses,207921
60,18,RB Tree,Branch Misses,415449
60,18,WAVL Tree,L1 Misses,214136
60,18,WAVL Tree,Branch Misses,448670
60,19,RB Tree,L1 Misses,208550
60,19,RB Tree,Branch Misses,415275
60,19,WAVL Tree,L1 Misses,214463
60,19,WAVL Tree,Branch Misses,449462
60,20,RB Tree,L1 Misses,207783
60,20,RB Tree,Branch Misses,413878
60,20,WAVL Tree,L1 Misses,214192
60,20,WAVL Tree,Branch Misses,449135
60,21,RB Tree,L1 Misses,208148
60,21,RB Tree,Branch Misses,414753
60,21,WAVL Tree,L1 Misses,215149
60,21,WAVL Tree,Branch Misses,449034
60,22,RB Tree,L1 Misses,208766
60,22,RB Tree,Branch Misses,415233
60,22,WAVL Tree,L1 Misses,215378
60,22,WAVL Tree,Branch Misses,451709
60,23,RB Tree,L1 Misses,209166
60,23,RB Tree,Branch Misses,416130
60,23,WAVL Tree,L1 Misses,215087
60,23,WAVL Tree,Branch Misses,450897
60,24,RB Tree,L1 Misses,208142
60,24,RB Tree,Branch Misses,415915
60,24,WAVL Tree,L1 Misses,216188
60,24,WAVL Tree,Branch Misses,449378
60,25,RB Tree,L1 Misses,209572
60,25,RB Tree,Branch Misses,414662
60,25,WAVL Tree,L1 Misses,214829
60,25,WAVL Tree,Branch Misses,450569
60,26,RB Tree,L1 Misses,208306
60,26,RB Tree,Branch Misses,415814
60,26,WAVL Tree,L1 Misses,214141
60,26,WAVL Tree,Branch Misses,449734
60,27,RB Tree,L1 Misses,209264
60,27,RB Tree,Branch Misses,417331
60,27,WAVL Tree,L1 Misses,214598
60,27,WAVL Tree,Branch Misses,450378
60,28,RB Tree,L1 Misses,208443
60,28,RB Tree,Branch Misses,413182
60,28,WAVL Tree,L1 Misses,219233
60,28,WAVL Tree,Branch Misses,452833
60,29,RB Tree,L1 Misses,207663
60,29,RB Tree,Branch Misses,415714
60,29,WAVL Tree,L1 Misses,221878
60,29,WAVL Tree,Branch Misses,448089
60,30,RB Tree,L1 Misses,207434
60,30,RB Tree,Branch Misses,415997
60,30,WAVL Tree,L1 Misses,210272
60,30,WAVL Tree,Branch Misses,442468
60,31,RB Tree,L1 Misses,208954
60,31,RB Tree,Branch Misses,414566
60,31,WAVL Tree,L1 Misses,213903
60,31,WAVL Tree,Branch Misses,451046
60,32,RB Tree,L1 Misses,208268
60,32,RB Tree,Branch Misses,414049
60,32,WAVL Tree,L1 Misses,213021
60,32,WAVL Tree,Branch Misses,448554
60,33,RB Tree,L1 Misses,209217
60,33,RB Tree,Branch Misses,417005
60,33,WAVL Tree,L1 Misses,213798
60,33,WAVL Tree,Branch Misses,450315
60,34,RB Tree,L1 Misses,208079
60,34,RB Tree,Branch Misses,414401
60,34,WAVL Tree,L1 Misses,212783
60,34,WAVL Tree,Branch Misses,449265
60,35,RB Tree,L1 Misses,206521
60,35,RB Tree,Branch Misses,416180
60,35,WAVL Tree,L1 Misses,209982
60,35,WAVL Tree,Branch Misses,446679
60,36,RB Tree,L1 Misses,208942
60,36,RB Tree,Branch Misses,416655
60,36,WAVL Tree,L1 Misses,212512
60,36,WAVL Tree,Branch Misses,446377
60,37,RB Tree,L1 Misses,206773
60,37,RB Tree,Branch Misses,414326
60,37,WAVL Tree,L1 Misses,214683
60,37,WAVL Tree,Branch Misses,449514
60,38,RB Tree,L1 Misses,207272
60,38,RB Tree,Branch Misses,413656
60,38,WAVL Tree,L1 Misses,212642
60,38,WAVL Tree,Branch Misses,447787
60,39,RB Tree,L1 Misses,210610
60,39,RB Tree,Branch Misses,416652
60,39,WAVL Tree,L1 Misses,211974
60,39,WAVL Tree,Branch Misses,447908
60,40,RB Tree,L1 Misses,208219
60,40,RB Tree,Branch Misses,417207
60,40,WAVL Tree,L1 Misses,212425
60,40,WAVL Tree,Branch Misses,448799
60,41,RB Tree,L1 Misses,206811
60,41,RB Tree,Branch Misses,416115
60,41,WAVL Tree,L1 Misses,212247
60,41,WAVL Tree,Branch Misses,449609
60,42,RB Tree,L1 Misses,206878
60,42,RB Tree,Branch Misses,414579
60,42,WAVL Tree,L1 Misses,215162
60,42,WAVL Tree,Branch Misses,448828
60,43,RB Tree,L1 Misses,206443
60,43,RB Tree,Branch Misses,412075
60,43,WAVL Tree,L1 Misses,217417
60,43,WAVL Tree,Branch Misses,449994
60,44,RB Tree,L1 Misses,207065
60,44,RB Tree,Branch Misses,415220
60,44,WAVL Tree,L1 Misses,214397
60,44,WAVL Tree,Branch Misses,448472
60,45,RB Tree,L1 Misses,207411
60,45,RB Tree,Branch Misses,415590
60,45,WAVL Tree,L1 Misses,214047
60,45,WAVL Tree,Branch Misses,447517
60,46,RB Tree,L1 Misses,207281
60,46,RB Tree,Branch Misses,416062
60,46,WAVL Tree,L1 Misses,224967
60,46,WAVL Tree,Branch Misses,448116
60,47,RB Tree,L1 Misses,208124
60,47,RB Tree,Branch Misses,416245
60,47,WAVL Tree,L1 Misses,216635
60,47,WAVL Tree,Branch Misses,451628
60,48,RB Tree,L1 Misses,208783
60,48,RB Tree,Branch Misses,416676
60,48,WAVL Tree,L1 Misses,218920
60,48,WAVL Tree,Branch Misses,449058
60,49,RB Tree,L1 Misses,211965
60,49,RB Tree,Branch Misses,416229
60,49,WAVL Tree,L1 Misses,219487
60,49,WAVL Tree,Branch Misses,450529
60,50,RB Tree,L1 Misses,209123
60,50,RB Tree,Branch Misses,415568
60,50,WAVL Tree,L1 Misses,215071
60,50,WAVL Tree,Branch Misses,450868
70,1,RB Tree,L1 Misses,219701
70,1,RB Tree,Branch Misses,436506
70,1,WAVL Tree,L1 Misses,224691
70,1,WAVL Tree,Branch Misses,470471
70,2,RB Tree,L1 Misses,223163
70,2,RB Tree,Branch Misses,435399
70,2,WAVL Tree,L1 Misses,225081
70,2,WAVL Tree,Branch Misses,471303
70,3,RB Tree,L1 Misses,218142
70,3,RB Tree,Branch Misses,433622
70,3,WAVL Tree,L1 Misses,229302
70,3,WAVL Tree,Branch Misses,473169
70,4,RB Tree,L1 Misses,221653
70,4,RB Tree,Branch Misses,433987
70,4,WAVL Tree,L1 Misses,224268
70,4,WAVL Tree,Branch Misses,471556
70,5,RB Tree,L1 Misses,222177
70,5,RB Tree,Branch Misses,434742
70,5,WAVL Tree,L1 Misses,226140
70,5,WAVL Tree,Branch Misses,471625
70,6,RB Tree,L1 Misses,219067
70,6,RB Tree,Branch Misses,434438
70,6,WAVL Tree,L1 Misses,226027
70,6,WAVL Tree,Branch Misses,469929
70,7,RB Tree,L1 Misses,222937
70,7,RB Tree,Branch Misses,436813
70,7,WAVL Tree,L1 Misses,225621
70,7,WAVL Tree,Branch Misses,472000
70,8,RB Tree,L1 Misses,217648
70,8,RB Tree,Branch Misses,434075
70,8,WAVL Tree,L1 Misses,224269
70,8,WAVL Tree,Branch Misses,472253
70,9,RB Tree,L1 Misses,218149
70,9,RB Tree,Branch Misses,432826
70,9,WAVL Tree,L1 Misses,224163
70,9,WAVL Tree,Branch Misses,468849
70,10,RB Tree,L1 Misses,218778
70,10,RB Tree,Branch Misses,433769
70,10,WAVL Tree,L1 Misses,227856
70,10,WAVL Tree,Branch Misses,471500
70,11,RB Tree,L1 Misses,220351
70,11,RB Tree,Branch Misses,433084
70,11,WAVL Tree,L1 Misses,225455
70,11,WAVL Tree,Branch Misses,469497
70,12,RB Tree,L1 Misses,219778
70,12,RB Tree,Branch Misses,432443
70,12,WAVL Tree,L1 Misses,226694
70,12,WAVL Tree,Branch Misses,471129
70,13,RB Tree,L1 Misses,218985
70,13,RB Tree,Branch Misses,432835
70,13,WAVL Tree,L1 Misses,225998
70,13,WAVL Tree,Branch Misses,472725
70,14,RB Tree,L1 Misses,255916
70,14,RB Tree,Branch Misses,433268
70,14,WAVL Tree,L1 Misses,227805
70,14,WAVL Tree,Branch Misses,472978
70,15,RB Tree,L1 Misses,220321
70,15,RB Tree,Branch Misses,435990
70,15,WAVL Tree,L1 Misses,226374
70,15,WAVL Tree,Branch Misses,471630
70,16,RB Tree,L1 Misses,219704
70,16,RB Tree,Branch Misses,435818
70,16,WAVL Tree,L1 Misses,226340
70,16,WAVL Tree,Branch Misses,471685
70,17,RB Tree,L1 Misses,219325
70,17,RB Tree,Branch Misses,435614
70,17,WAVL Tree,L1 Misses,225837
70,17,WAVL Tree,Branch Misses,471600
70,18,RB Tree,L1 Misses,219596
70,18,RB Tree,Branch Misses,436037
70,18,WAVL Tree,L1 Misses,226097
70,18,WAVL Tree,Branch Misses,470728
70,19,RB Tree,L1 Misses,219607
70,19,RB Tree,Branch Misses,432960
70,19,WAVL Tree,L1 Misses,223979
70,19,WAVL Tree,Branch Misses,470535
70,20,RB Tree,L1 Misses,220939
70,20,RB Tree,Branch Misses,435115
70,20,WAVL Tree,L1 Misses,226563
70,20,WAVL Tree,Branch Misses,473595
70,21,RB Tree,L1 Misses,218345
70,21,RB Tree,Branch Misses,435029
70,21,WAVL Tree,L1 Misses,224710
70,21,WAVL Tree,Branch Misses,470716
70,22,RB Tree,L1 Misses,218725
70,22,RB Tree,Branch Misses,434718
70,22,WAVL Tree,L1 Misses,224618
70,22,WAVL Tree,Branch Misses,470734
70,23,RB Tree,L1 Misses,220254
70,23,RB Tree,Branch Misses,436070
70,23,WAVL Tree,L1 Misses,224488
70,23,WAVL Tree,Branch Misses,471020
70,24,RB Tree,L1 Misses,218138
70,24,RB Tree,Branch Misses,432398
70,24,WAVL Tree,L1 Misses,222945
70,24,WAVL Tree,Branch Misses,471419
70,25,RB Tree,L1 Misses,216776
70,25,RB Tree,Branch Misses,432451
70,25,WAVL Tree,L1 Misses,226391
70,25,WAVL Tree,Branch Misses,468950
70,26,RB Tree,L1 Misses,218492
70,26,RB Tree,Branch Misses,431743
70,26,WAVL Tree,L1 Misses,225113
70,26,WAVL Tree,Branch Misses,469254
70,27,RB Tree,L1 Misses,217131
70,27,RB Tree,Branch Misses,433671
70,27,WAVL Tree,L1 Misses,224293
70,27,WAVL Tree,Branch Misses,470426
70,28,RB Tree,L1 Misses,218390
70,28,RB Tree,Branch Misses,437270
70,28,WAVL Tree,L1 Misses,226171
70,28,WAVL Tree,Branch Misses,472038
70,29,RB Tree,L1 Misses,218625
70,29,RB Tree,Branch Misses,434519
70,29,WAVL Tree,L1 Misses,225813
70,29,WAVL Tree,Branch Misses,471470
70,30,RB Tree,L1 Misses,216722
70,30,RB Tree,Branch Misses,435464
70,30,WAVL Tree,L1 Misses,223929
70,30,WAVL Tree,Branch Misses,470539
70,31,RB Tree,L1 Misses,216460
70,31,RB Tree,Branch Misses,434462
70,31,WAVL Tree,L1 Misses,223408
70,31,WAVL Tree,Branch Misses,469865
70,32,RB Tree,L1 Misses,219981
70,32,RB Tree,Branch Misses,432671
70,32,WAVL Tree,L1 Misses,224646
70,32,WAVL Tree,Branch Misses,468683
70,33,RB Tree,L1 Misses,219538
70,33,RB Tree,Branch Misses,434367
70,33,WAVL Tree,L1 Misses,223683
70,33,WAVL Tree,Branch Misses,468379
70,34,RB Tree,L1 Misses,216264
70,34,RB Tree,Branch Misses,434940
70,34,WAVL Tree,L1 Misses,223099
70,34,WAVL Tree,Branch Misses,471507
70,35,RB Tree,L1 Misses,218276
70,35,RB Tree,Branch Misses,434869
70,35,WAVL Tree,L1 Misses,225072
70,35,WAVL Tree,Branch Misses,470110
70,36,RB Tree,L1 Misses,219468
70,36,RB Tree,Branch Misses,434995
70,36,WAVL Tree,L1 Misses,231581
70,36,WAVL Tree,Branch Misses,469131
70,37,RB Tree,L1 Misses,219668
70,37,RB Tree,Branch Misses,435016
70,37,WAVL Tree,L1 Misses,224588
70,37,WAVL Tree,Branch Misses,469684
70,38,RB Tree,L1 Misses,217990
70,38,RB Tree,Branch Misses,434455
70,38,WAVL Tree,L1 Misses,222076
70,38,WAVL Tree,Branch Misses,469112
70,39,RB Tree,L1 Misses,217712
70,39,RB Tree,Branch Misses,431798
70,39,WAVL Tree,L1 Misses,222758
70,39,WAVL Tree,Branch Misses,469730
70,40,RB Tree,L1 Misses,216197
70,40,RB Tree,Branch Misses,432362
70,40,WAVL Tree,L1 Misses,220649
70,40,WAVL Tree,Branch Misses,469085
70,41,RB Tree,L1 Misses,226343
70,41,RB Tree,Branch Misses,432396
70,41,WAVL Tree,L1 Misses,222798
70,41,WAVL Tree,Branch Misses,470481
70,42,RB Tree,L1 Misses,219479
70,42,RB Tree,Branch Misses,431576
70,42,WAVL Tree,L1 Misses,221490
70,42,WAVL Tree,Branch Misses,470855
70,43,RB Tree,L1 Misses,217792
70,43,RB Tree,Branch Misses,434728
70,43,WAVL Tree,L1 Misses,228439
70,43,WAVL Tree,Branch Misses,470106
70,44,RB Tree,L1 Misses,218311
70,44,RB Tree,Branch Misses,435719
70,44,WAVL Tree,L1 Misses,232782
70,44,WAVL Tree,Branch Misses,470315
70,45,RB Tree,L1 Misses,216723
70,45,RB Tree,Branch Misses,434929
70,45,WAVL Tree,L1 Misses,223341
70,45,WAVL Tree,Branch Misses,469806
70,46,RB Tree,L1 Misses,216300
70,46,RB Tree,Branch Misses,433149
70,46,WAVL Tree,L1 Misses,224442
70,46,WAVL Tree,Branch Misses,470080
70,47,RB Tree,L1 Misses,217519
70,47,RB Tree,Branch Misses,432083
70,47,WAVL Tree,L1 Misses,227923
70,47,WAVL Tree,Branch Misses,468614
70,48,RB Tree,L1 Misses,216536
70,48,RB Tree,Branch Misses,431181
70,48,WAVL Tree,L1 Misses,224959
70,48,WAVL Tree,Branch Misses,470626
70,49,RB Tree,L1 Misses,225641
70,49,RB Tree,Branch Misses,432816
70,49,WAVL Tree,L1 Misses,223209
70,49,WAVL Tree,Branch Misses,472219
70,50,RB Tree,L1 Misses,215693
70,50,RB Tree,Branch Misses,431688
70,50,WAVL Tree,L1 Misses,226446
70,50,WAVL Tree,Branch Misses,472076
80,1,RB Tree,L1 Misses,227301
80,1,RB Tree,Branch Misses,452316
80,1,WAVL Tree,L1 Misses,234625
80,1,WAVL Tree,Branch Misses,493473
80,2,RB Tree,L1 Misses,228442
80,2,RB Tree,Branch Misses,452478
80,2,WAVL Tree,L1 Misses,233638
80,2,WAVL Tree,Branch Misses,492530
80,3,RB Tree,L1 Misses,228030
80,3,RB Tree,Branch Misses,453712
80,3,WAVL Tree,L1 Misses,232165
80,3,WAVL Tree,Branch Misses,489648
80,4,RB Tree,L1 Misses,226470
80,4,RB Tree,Branch Misses,452981
80,4,WAVL Tree,L1 Misses,233119
80,4,WAVL Tree,Branch Misses,489906
80,5,RB Tree,L1 Misses,228785
80,5,RB Tree,Branch Misses,454058
80,5,WAVL Tree,L1 Misses,231197
80,5,WAVL Tree,Branch Misses,491615
80,6,RB Tree,L1 Misses,225402
80,6,RB Tree,Branch Misses,453867
80,6,WAVL Tree,L1 Misses,231071
80,6,WAVL Tree,Branch Misses,491104
80,7,RB Tree,L1 Misses,225791
80,7,RB Tree,Branch Misses,452363
80,7,WAVL Tree,L1 Misses,234639
80,7,WAVL Tree,Branch Misses,491337
80,8,RB Tree,L1 Misses,228804
80,8,RB Tree,Branch Misses,453750
80,8,WAVL Tree,L1 Misses,240959
80,8,WAVL Tree,Branch Misses,491432
80,9,RB Tree,L1 Misses,228302
80,9,RB Tree,Branch Misses,452763
80,9,WAVL Tree,L1 Misses,238786
80,9,WAVL Tree,Branch Misses,493964
80,10,RB Tree,L1 Misses,229716
80,10,RB Tree,Branch Misses,453713
80,10,WAVL Tree,L1 Misses,235759
80,10,WAVL Tree,Branch Misses,491016
80,11,RB Tree,L1 Misses,230096
80,11,RB Tree,Branch Misses,451758
80,11,WAVL Tree,L1 Misses,234443
80,11,WAVL Tree,Branch Misses,491753
80,12,RB Tree,L1 Misses,222776
80,12,RB Tree,Branch Misses,447379
80,12,WAVL Tree,L1 Misses,231374
80,12,WAVL Tree,Branch Misses,489359
80,13,RB Tree,L1 Misses,235597
80,13,RB Tree,Branch Misses,451808
80,13,WAVL Tree,L1 Misses,231392
80,13,WAVL Tree,Branch Misses,490537
80,14,RB Tree,L1 Misses,225070
80,14,RB Tree,Branch Misses,450766
80,14,WAVL Tree,L1 Misses,249898
80,14,WAVL Tree,Branch Misses,491271
80,15,RB Tree,L1 Misses,227872
80,15,RB Tree,Branch Misses,455003
80,15,WAVL Tree,L1 Misses,234170
80,15,WAVL Tree,Branch Misses,493784
80,16,RB Tree,L1 Misses,228193
80,16,RB Tree,Branch Misses,454892
80,16,WAVL Tree,L1 Misses,235033
80,16,WAVL Tree,Branch Misses,491939
80,17,RB Tree,L1 Misses,224105
80,17,RB Tree,Branch Misses,453640
80,17,WAVL Tree,L1 Misses,234443
80,17,WAVL Tree,Branch Misses,491766
80,18,RB Tree,L1 Misses,226482
80,18,RB Tree,Branch Misses,451631
80,18,WAVL Tree,L1 Misses,229827
80,18,WAVL Tree,Branch Misses,490103
80,19,RB Tree,L1 Misses,227191
80,19,RB Tree,Branch Misses,450897
80,19,WAVL Tree,L1 Misses,232472
80,19,WAVL Tree,Branch Misses,492929
80,20,RB Tree,L1 Misses,223487
80,20,RB Tree,Branch Misses,451113
80,20,WAVL Tree,L1 Misses,230970
80,20,WAVL Tree,Branch Misses,492069
80,21,RB Tree,L1 Misses,224914
80,21,RB Tree,Branch Misses,454986
80,21,WAVL Tree,L1 Misses,228956
80,21,WAVL Tree,Branch Misses,490028
80,22,RB Tree,L1 Misses,226405
80,22,RB Tree,Branch Misses,456789
80,22,WAVL Tree,L1 Misses,234083
80,22,WAVL Tree,Branch Misses,492156
80,23,RB Tree,L1 Misses,226700
80,23,RB Tree,Branch Misses,452288
80,23,WAVL Tree,L1 Misses,235098
80,23,WAVL Tree,Branch Misses,491047
80,24,RB Tree,L1 Misses,225057
80,24,RB Tree,Branch Misses,453258
80,24,WAVL Tree,L1 Misses,231254
80,24,WAVL Tree,Branch Misses,492306
80,25,RB Tree,L1 Misses,225163
80,25,RB Tree,Branch Misses,451461
80,25,WAVL Tree,L1 Misses,230380
80,25,WAVL Tree,Branch Misses,489672
80,26,RB Tree,L1 Misses,223136
80,26,RB Tree,Branch Misses,450924
80,26,WAVL Tree,L1 Misses,230115
80,26,WAVL Tree,Branch Misses,489453
80,27,RB Tree,L1 Misses,226247
80,27,RB Tree,Branch Misses,454033
80,27,WAVL Tree,L1 Misses,229736
80,27,WAVL Tree,Branch Misses,486028
80,28,RB Tree,L1 Misses,225397
80,28,RB Tree,Branch Misses,455237
80,28,WAVL Tree,L1 Misses,234691
80,28,WAVL Tree,Branch Misses,492283
80,29,RB Tree,L1 Misses,228529
80,29,RB Tree,Branch Misses,451753
80,29,WAVL Tree,L1 Misses,234130
80,29,WAVL Tree,Branch Misses,494854
80,30,RB Tree,L1 Misses,227319
80,30,RB Tree,Branch Misses,454006
80,30,WAVL Tree,L1 Misses,237873
80,30,WAVL Tree,Branch Misses,491510
80,31,RB Tree,L1 Misses,227344
80,31,RB Tree,Branch Misses,453826
80,31,WAVL Tree,L1 Misses,232540
80,31,WAVL Tree,Branch Misses,493499
80,32,RB Tree,L1 Misses,226787
80,32,RB Tree,Branch Misses,451513
80,32,WAVL Tree,L1 Misses,234131
80,32,WAVL Tree,Branch Misses,490025
80,33,RB Tree,L1 Misses,225657
80,33,RB Tree,Branch Misses,453916
80,33,WAVL Tree,L1 Misses,232072
80,33,WAVL Tree,Branch Misses,491315
80,34,RB Tree,L1 Misses,226669
80,34,RB Tree,Branch Misses,454227
80,34,WAVL Tree,L1 Misses,231611
80,34,WAVL Tree,Branch Misses,489522
80,35,RB Tree,L1 Misses,225386
80,35,RB Tree,Branch Misses,452257
80,35,WAVL Tree,L1 Misses,233922
80,35,WAVL Tree,Branch Misses,490624
80,36,RB Tree,L1 Misses,227927
80,36,RB Tree,Branch Misses,453581
80,36,WAVL Tree,L1 Misses,235118
80,36,WAVL Tree,Branch Misses,492200
80,37,RB Tree,L1 Misses,227107
80,37,RB Tree,Branch Misses,454158
80,37,WAVL Tree,L1 Misses,234088
80,37,WAVL Tree,Branch Misses,491903
80,38,RB Tree,L1 Misses,229385
80,38,RB Tree,Branch Misses,454260
80,38,WAVL Tree,L1 Misses,233941
80,38,WAVL Tree,Branch Misses,492034
80,39,RB Tree,L1 Misses,223895
80,39,RB Tree,Branch Misses,455935
80,39,WAVL Tree,L1 Misses,231747
80,39,WAVL Tree,Branch Misses,490707
80,40,RB Tree,L1 Misses,225023
80,40,RB Tree,Branch Misses,451698
80,40,WAVL Tree,L1 Misses,233435
80,40,WAVL Tree,Branch Misses,490164
80,41,RB Tree,L1 Misses,226191
80,41,RB Tree,Branch Misses,455032
80,41,WAVL Tree,L1 Misses,231623
80,41,WAVL Tree,Branch Misses,491512
80,42,RB Tree,L1 Misses,224109
80,42,RB Tree,Branch Misses,452812
80,42,WAVL Tree,L1 Misses,234442
80,42,WAVL Tree,Branch Misses,491551
80,43,RB Tree,L1 Misses,225370
80,43,RB Tree,Branch Misses,452350
80,43,WAVL Tree,L1 Misses,235595
80,43,WAVL Tree,Branch Misses,492798
80,44,RB Tree,L1 Misses,223789
80,44,RB Tree,Branch Misses,453475
80,44,WAVL Tree,L1 Misses,231073
80,44,WAVL Tree,Branch Misses,489524
80,45,RB Tree,L1 Misses,223678
80,45,RB Tree,Branch Misses,451604
80,45,WAVL Tree,L1 Misses,236135
80,45,WAVL Tree,Branch Misses,491572
80,46,RB Tree,L1 Misses,226688
80,46,RB Tree,Branch Misses,451910
80,46,WAVL Tree,L1 Misses,234721
80,46,WAVL Tree,Branch Misses,491506
80,47,RB Tree,L1 Misses,224589
80,47,RB Tree,Branch Misses,451703
80,47,WAVL Tree,L1 Misses,232592
80,47,WAVL Tree,Branch Misses,489342
80,48,RB Tree,L1 Misses,231947
80,48,RB Tree,Branch Misses,452668
80,48,WAVL Tree,L1 Misses,231181
80,48,WAVL Tree,Branch Misses,491758
80,49,RB Tree,L1 Misses,226745
80,49,RB Tree,Branch Misses,452717
80,49,WAVL Tree,L1 Misses,243425
80,49,WAVL Tree,Branch Misses,489639
80,50,RB Tree,L1 Misses,228689
80,50,RB Tree,Branch Misses,451630
80,50,WAVL Tree,L1 Misses,235096
80,50,WAVL Tree,Branch Misses,491307
90,1,RB Tree,L1 Misses,238705
90,1,RB Tree,Branch Misses,472550
90,1,WAVL Tree,L1 Misses,240674
90,1,WAVL Tree,Branch Misses,513831
90,2,RB Tree,L1 Misses,237046
90,2,RB Tree,Branch Misses,473338
90,2,WAVL Tree,L1 Misses,246672
90,2,WAVL Tree,Branch Misses,513628
90,3,RB Tree,L1 Misses,235537
90,3,RB Tree,Branch Misses,473036
90,3,WAVL Tree,L1 Misses,240168
90,3,WAVL Tree,Branch Misses,512944
90,4,RB Tree,L1 Misses,233828
90,4,RB Tree,Branch Misses,469916
90,4,WAVL Tree,L1 Misses,241589
90,4,WAVL Tree,Branch Misses,513951
90,5,RB Tree,L1 Misses,232795
90,5,RB Tree,Branch Misses,470102
90,5,WAVL Tree,L1 Misses,239240
90,5,WAVL Tree,Branch Misses,511440
90,6,RB Tree,L1 Misses,232663
90,6,RB Tree,Branch Misses,472866
90,6,WAVL Tree,L1 Misses,238561
90,6,WAVL Tree,Branch Misses,511559
90,7,RB Tree,L1 Misses,233535
90,7,RB Tree,Branch Misses,472904
90,7,WAVL Tree,L1 Misses,240688
90,7,WAVL Tree,Branch Misses,513974
90,8,RB Tree,L1 Misses,233781
90,8,RB Tree,Branch Misses,470499
90,8,WAVL Tree,L1 Misses,240050
90,8,WAVL Tree,Branch Misses,512120
90,9,RB Tree,L1 Misses,235792
90,9,RB Tree,Branch Misses,472953
90,9,WAVL Tree,L1 Misses,243409
90,9,WAVL Tree,Branch Misses,513343
90,10,RB Tree,L1 Misses,235030
90,10,RB Tree,Branch Misses,472506
90,10,WAVL Tree,L1 Misses,239548
90,10,WAVL Tree,Branch Misses,512159
90,11,RB Tree,L1 Misses,232520
90,11,RB Tree,Branch Misses,471456
90,11,WAVL Tree,L1 Misses,241324
90,11,WAVL Tree,Branch Misses,509804
90,12,RB Tree,L1 Misses,232252
90,12,RB Tree,Branch Misses,471334
90,12,WAVL Tree,L1 Misses,246151
90,12,WAVL Tree,Branch Misses,511580
90,13,RB Tree,L1 Misses,232724
90,13,RB Tree,Branch Misses,471942
90,13,WAVL Tree,L1 Misses,238330
90,13,WAVL Tree,Branch Misses,510127
90,14,RB Tree,L1 Misses,232122
90,14,RB Tree,Branch Misses,470749
90,14,WAVL Tree,L1 Misses,240755
90,14,WAVL Tree,Branch Misses,513933
90,15,RB Tree,L1 Misses,247357
90,15,RB Tree,Branch Misses,472236
90,15,WAVL Tree,L1 Misses,244887
90,15,WAVL Tree,Branch Misses,513495
90,16,RB Tree,L1 Misses,233916
90,16,RB Tree,Branch Misses,472736
90,16,WAVL Tree,L1 Misses,241195
90,16,WAVL Tree,Branch Misses,512291
90,17,RB Tree,L1 Misses,234196
90,17,RB Tree,Branch Misses,471719
90,17,WAVL Tree,L1 Misses,242412
90,17,WAVL Tree,Branch Misses,510777
90,18,RB Tree,L1 Misses,234795
90,18,RB Tree,Branch Misses,470089
90,18,WAVL Tree,L1 Misses,239815
90,18,WAVL Tree,Branch Misses,513681
90,19,RB Tree,L1 Misses,234232
90,19,RB Tree,Branch Misses,469526
90,19,WAVL Tree,L1 Misses,239643
90,19,WAVL Tree,Branch Misses,512281
90,20,RB Tree,L1 Misses,230929
90,20,RB Tree,Branch Misses,469877
90,20,WAVL Tree,L1 Misses,241377
90,20,WAVL Tree,Branch Misses,510928
90,21,RB Tree,L1 Misses,235621
90,21,RB Tree,Branch Misses,471468
90,21,WAVL Tree,L1 Misses,240843
90,21,WAVL Tree,Branch Misses,510642
90,22,RB Tree,L1 Misses,232827
90,22,RB Tree,Branch Misses,473325
90,22,WAVL Tree,L1 Misses,242761
90,22,WAVL Tree,Branch Misses,513262
90,23,RB Tree,L1 Misses,233213
90,23,RB Tree,Branch Misses,472239
90,23,WAVL Tree,L1 Misses,243194
90,23,WAVL Tree,Branch Misses,510787
90,24,RB Tree,L1 Misses,237150
90,24,RB Tree,Branch Misses,473194
90,24,WAVL Tree,L1 Misses,238774
90,24,WAVL Tree,Branch Misses,512001
90,25,RB Tree,L1 Misses,234637
90,25,RB Tree,Branch Misses,471274
90,25,WAVL Tree,L1 Misses,239069
90,25,WAVL Tree,Branch Misses,512311
90,26,RB Tree,L1 Misses,233504
90,26,RB Tree,Branch Misses,471701
90,26,WAVL Tree,L1 Misses,242004
90,26,WAVL Tree,Branch Misses,511431
90,27,RB Tree,L1 Misses,234775
90,27,RB Tree,Branch Misses,472821
90,27,WAVL Tree,L1 Misses,243709
90,27,WAVL Tree,Branch Misses,514515
90,28,RB Tree,L1 Misses,233919
90,28,RB Tree,Branch Misses,472102
90,28,WAVL Tree,L1 Misses,241833
90,28,WAVL Tree,Branch Misses,512036
90,29,RB Tree,L1 Misses,236341
90,29,RB Tree,Branch Misses,471515
90,29,WAVL Tree,L1 Misses,241023
90,29,WAVL Tree,Branch Misses,511175
90,30,RB Tree,L1 Misses,236301
90,30,RB Tree,Branch Misses,471689
90,30,WAVL Tree,L1 Misses,239213
90,30,WAVL Tree,Branch Misses,510958
90,31,RB Tree,L1 Misses,236014
90,31,RB Tree,Branch Misses,468976
90,31,WAVL Tree,L1 Misses,241233
90,31,WAVL Tree,Branch Misses,510984
90,32,RB Tree,L1 Misses,256021
90,32,RB Tree,Branch Misses,475594
90,32,WAVL Tree,L1 Misses,244488
90,32,WAVL Tree,Branch Misses,516139
90,33,RB Tree,L1 Misses,238256
90,33,RB Tree,Branch Misses,472715
90,33,WAVL Tree,L1 Misses,248175
90,33,WAVL Tree,Branch Misses,511803
90,34,RB Tree,L1 Misses,237677
90,34,RB Tree,Branch Misses,473942
90,34,WAVL Tree,L1 Misses,243259
90,34,WAVL Tree,Branch Misses,513476
90,35,RB Tree,L1 Misses,234627
90,35,RB Tree,Branch Misses,470390
90,35,WAVL Tree,L1 Misses,241948
90,35,WAVL Tree,Branch Misses,512858
90,36,RB Tree,L1 Misses,234896
90,36,RB Tree,Branch Misses,470521
90,36,WAVL Tree,L1 Misses,242233
90,36,WAVL Tree,Branch Misses,513689
90,37,RB Tree,L1 Misses,234489
90,37,RB Tree,Branch Misses,470023
90,37,WAVL Tree,L1 Misses,240749
90,37,WAVL Tree,Branch Misses,511482
90,38,RB Tree,L1 Misses,233925
90,38,RB Tree,Branch Misses,470601
90,38,WAVL Tree,L1 Misses,239649
90,38,WAVL Tree,Branch Misses,512262
90,39,RB Tree,L1 Misses,233315
90,39,RB Tree,Branch Misses,473401
90,39,WAVL Tree,L1 Misses,242040
90,39,WAVL Tree,Branch Misses,513205
90,40,RB Tree,L1 Misses,234582
90,40,RB Tree,Branch Misses,471177
90,40,WAVL Tree,L1 Misses,241187
90,40,WAVL Tree,Branch Misses,510692
90,41,RB Tree,L1 Misses,240164
90,41,RB Tree,Branch Misses,470419
90,41,WAVL Tree,L1 Misses,242108
90,41,WAVL Tree,Branch Misses,513106
90,42,RB Tree,L1 Misses,235295
90,42,RB Tree,Branch Misses,473801
90,42,WAVL Tree,L1 Misses,245015
90,42,WAVL Tree,Branch Misses,513969
90,43,RB Tree,L1 Misses,235226
90,43,RB Tree,Branch Misses,472764
90,43,WAVL Tree,L1 Misses,242841
90,43,WAVL Tree,Branch Misses,510542
90,44,RB Tree,L1 Misses,234577
90,44,RB Tree,Branch Misses,471040
90,44,WAVL Tree,L1 Misses,244380
90,44,WAVL Tree,Branch Misses,511212
90,45,RB Tree,L1 Misses,232979
90,45,RB Tree,Branch Misses,471318
90,45,WAVL Tree,L1 Misses,242542
90,45,WAVL Tree,Branch Misses,512707
90,46,RB Tree,L1 Misses,238457
90,46,RB Tree,Branch Misses,471942
90,46,WAVL Tree,L1 Misses,241908
90,46,WAVL Tree,Branch Misses,515360
90,47,RB Tree,L1 Misses,234793
90,47,RB Tree,Branch Misses,470468
90,47,WAVL Tree,L1 Misses,244112
90,47,WAVL Tree,Branch Misses,512790
90,48,RB Tree,L1 Misses,237918
90,48,RB Tree,Branch Misses,472014
90,48,WAVL Tree,L1 Misses,243791
90,48,WAVL Tree,Branch Misses,513190
90,49,RB Tree,L1 Misses,234600
90,49,RB Tree,Branch Misses,473314
90,49,WAVL Tree,L1 Misses,243293
90,49,WAVL Tree,Branch Misses,512659
90,50,RB Tree,L1 Misses,234794
90,50,RB Tree,Branch Misses,472758
90,50,WAVL Tree,L1 Misses,245676
90,50,WAVL Tree,Branch Misses,513085
100,1,RB Tree,L1 Misses,238171
100,1,RB Tree,Branch Misses,485804
100,1,WAVL Tree,L1 Misses,243093
100,1,WAVL Tree,Branch Misses,531216
100,2,RB Tree,L1 Misses,236932
100,2,RB Tree,Branch Misses,488167
100,2,WAVL Tree,L1 Misses,244245
100,2,WAVL Tree,Branch Misses,530414
100,3,RB Tree,L1 Misses,237980
100,3,RB Tree,Branch Misses,488226
100,3,WAVL Tree,L1 Misses,244665
100,3,WAVL Tree,Branch Misses,528859
100,4,RB Tree,L1 Misses,237469
100,4,RB Tree,Branch Misses,489396
100,4,WAVL Tree,L1 Misses,245654
100,4,WAVL Tree,Branch Misses,533169
100,5,RB Tree,L1 Misses,238624
100,5,RB Tree,Branch Misses,490282
100,5,WAVL Tree,L1 Misses,247303
100,5,WAVL Tree,Branch Misses,529771
100,6,RB Tree,L1 Misses,238099
100,6,RB Tree,Branch Misses,487878
100,6,WAVL Tree,L1 Misses,247957
100,6,WAVL Tree,Branch Misses,531879
100,7,RB Tree,L1 Misses,237355
100,7,RB Tree,Branch Misses,490640
100,7,WAVL Tree,L1 Misses,245165
100,7,WAVL Tree,Branch Misses,531276
100,8,RB Tree,L1 Misses,235799
100,8,RB Tree,Branch Misses,486610
100,8,WAVL Tree,L1 Misses,247950
100,8,WAVL Tree,Branch Misses,532380
100,9,RB Tree,L1 Misses,236522
100,9,RB Tree,Branch Misses,488176
100,9,WAVL Tree,L1 Misses,246996
100,9,WAVL Tree,Branch Misses,531572
100,10,RB Tree,L1 Misses,236159
100,10,RB Tree,Branch Misses,487177
100,10,WAVL Tree,L1 Misses,246542
100,10,WAVL Tree,Branch Misses,531867
100,11,RB Tree,L1 Misses,240799
100,11,RB Tree,Branch Misses,491260
100,11,WAVL Tree,L1 Misses,247034
100,11,WAVL Tree,Branch Misses,531105
100,12,RB Tree,L1 Misses,242362
100,12,RB Tree,Branch Misses,489929
100,12,WAVL Tree,L1 Misses,249563
100,12,WAVL Tree,Branch Misses,533852
100,13,RB Tree,L1 Misses,237220
100,13,RB Tree,Branch Misses,489470
100,13,WAVL Tree,L1 Misses,243052
100,13,WAVL Tree,Branch Misses,532373
100,14,RB Tree,L1 Misses,238333
100,14,RB Tree,Branch Misses,486315
100,14,WAVL Tree,L1 Misses,244313
100,14,WAVL Tree,Branch Misses,532232
100,15,RB Tree,L1 Misses,239709
100,15,RB Tree,Branch Misses,487047
100,15,WAVL Tree,L1 Misses,246391
100,15,WAVL Tree,Branch Misses,531731
100,16,RB Tree,L1 Misses,236783
100,16,RB Tree,Branch Misses,487113
100,16,WAVL Tree,L1 Misses,243995
100,16,WAVL Tree,Branch Misses,529968
100,17,RB Tree,L1 Misses,240388
100,17,RB Tree,Branch Misses,488156
100,17,WAVL Tree,L1 Misses,246468
100,17,WAVL Tree,Branch Misses,531838
100,18,RB Tree,L1 Misses,236415
100,18,RB Tree,Branch Misses,489751
100,18,WAVL Tree,L1 Misses,247695
100,18,WAVL Tree,Branch Misses,533274
100,19,RB Tree,L1 Misses,240216
100,19,RB Tree,Branch Misses,490550
100,19,WAVL Tree,L1 Misses,243031
100,19,WAVL Tree,Branch Misses,531526
100,20,RB Tree,L1 Misses,236433
100,20,RB Tree,Branch Misses,488838
100,20,WAVL Tree,L1 Misses,244033
100,20,WAVL Tree,Branch Misses,531946
100,21,RB Tree,L1 Misses,238581
100,21,RB Tree,Branch Misses,487254
100,21,WAVL Tree,L1 Misses,243640
100,21,WAVL Tree,Branch Misses,530150
100,22,RB Tree,L1 Misses,237265
100,22,RB Tree,Branch Misses,486536
100,22,WAVL Tree,L1 Misses,246163
100,22,WAVL Tree,Branch Misses,529527
100,23,RB Tree,L1 Misses,252179
100,23,RB Tree,Branch Misses,487595
100,23,WAVL Tree,L1 Misses,245202
100,23,WAVL Tree,Branch Misses,530939
100,24,RB Tree,L1 Misses,240048
100,24,RB Tree,Branch Misses,488594
100,24,WAVL Tree,L1 Misses,244673
100,24,WAVL Tree,Branch Misses,530996
100,25,RB Tree,L1 Misses,239286
100,25,RB Tree,Branch Misses,490184
100,25,WAVL Tree,L1 Misses,246008
100,25,WAVL Tree,Branch Misses,531648
100,26,RB Tree,L1 Misses,240476
100,26,RB Tree,Branch Misses,488482
100,26,WAVL Tree,L1 Misses,244417
100,26,WAVL Tree,Branch Misses,530359
100,27,RB Tree,L1 Misses,237282
100,27,RB Tree,Branch Misses,489328
100,27,WAVL Tree,L1 Misses,245452
100,27,WAVL Tree,Branch Misses,530440
100,28,RB Tree,L1 Misses,240211
100,28,RB Tree,Branch Misses,487953
100,28,WAVL Tree,L1 Misses,245870
100,28,WAVL Tree,Branch Misses,531265
100,29,RB Tree,L1 Misses,235806
100,29,RB Tree,Branch Misses,486391
100,29,WAVL Tree,L1 Misses,246284
100,29,WAVL Tree,Branch Misses,532781
100,30,RB Tree,L1 Misses,242900
100,30,RB Tree,Branch Misses,490604
100,30,WAVL Tree,L1 Misses,243031
100,30,WAVL Tree,Branch Misses,533463
100,31,RB Tree,L1 Misses,236206
100,31,RB Tree,Branch Misses,488548
100,31,WAVL Tree,L1 Misses,246009
100,31,WAVL Tree,Branch Misses,532808
100,32,RB Tree,L1 Misses,239452
100,32,RB Tree,Branch Misses,488355
100,32,WAVL Tree,L1 Misses,245222
100,32,WAVL Tree,Branch Misses,528917
100,33,RB Tree,L1 Misses,235474
100,33,RB Tree,Branch Misses,486142
100,33,WAVL Tree,L1 Misses,243133
100,33,WAVL Tree,Branch Misses,532000
100,34,RB Tree,L1 Misses,237323
100,34,RB Tree,Branch Misses,488085
100,34,WAVL Tree,L1 Misses,241729
100,34,WAVL Tree,Branch Misses,530404
100,35,RB Tree,L1 Misses,236014
100,35,RB Tree,Branch Misses,485738
100,35,WAVL Tree,L1 Misses,245659
100,35,WAVL Tree,Branch Misses,529052
100,36,RB Tree,L1 Misses,237466
100,36,RB Tree,Branch Misses,487806
100,36,WAVL Tree,L1 Misses,246623
100,36,WAVL Tree,Branch Misses,531805
100,37,RB Tree,L1 Misses,239807
100,37,RB Tree,Branch Misses,488023
100,37,WAVL Tree,L1 Misses,244567
100,37,WAVL Tree,Branch Misses,532706
100,38,RB Tree,L1 Misses,238820
100,38,RB Tree,Branch Misses,490113
100,38,WAVL Tree,L1 Misses,245294
100,38,WAVL Tree,Branch Misses,532440
100,39,RB Tree,L1 Misses,235531
100,39,RB Tree,Branch Misses,488269
100,39,WAVL Tree,L1 Misses,243946
100,39,WAVL Tree,Branch Misses,533179
100,40,RB Tree,L1 Misses,239588
100,40,RB Tree,Branch Misses,485813
100,40,WAVL Tree,L1 Misses,247747
100,40,WAVL Tree,Branch Misses,534497
100,41,RB Tree,L1 Misses,241688
100,41,RB Tree,Branch Misses,490543
100,41,WAVL Tree,L1 Misses,246498
100,41,WAVL Tree,Branch Misses,532458
100,42,RB Tree,L1 Misses,244694
100,42,RB Tree,Branch Misses,490621
100,42,WAVL Tree,L1 Misses,246667
100,42,WAVL Tree,Branch Misses,530842
100,43,RB Tree,L1 Misses,242464
100,43,RB Tree,Branch Misses,490731
100,43,WAVL Tree,L1 Misses,245202
100,43,WAVL Tree,Branch Misses,531702
100,44,RB Tree,L1 Misses,235650
100,44,RB Tree,Branch Misses,489155
100,44,WAVL Tree,L1 Misses,243663
100,44,WAVL Tree,Branch Misses,532943
100,45,RB Tree,L1 Misses,237377
100,45,RB Tree,Branch Misses,488591
100,45,WAVL Tree,L1 Misses,245847
100,45,WAVL Tree,Branch Misses,530416
100,46,RB Tree,L1 Misses,235069
100,46,RB Tree,Branch Misses,486823
100,46,WAVL Tree,L1 Misses,244168
100,46,WAVL Tree,Branch Misses,529027
100,47,RB Tree,L1 Misses,235090
100,47,RB Tree,Branch Misses,487186
100,47,WAVL Tree,L1 Misses,243644
100,47,WAVL Tree,Branch Misses,530382
100,48,RB Tree,L1 Misses,238218
100,48,RB Tree,Branch Misses,487298
100,48,WAVL Tree,L1 Misses,244034
100,48,WAVL Tree,Branch Misses,530584
100,49,RB Tree,L1 Misses,238489
100,49,RB Tree,Branch Misses,489695
100,49,WAVL Tree,L1 Misses,244511
100,49,WAVL Tree,Branch Misses,531945
100,50,RB Tree,L1 Misses,238974
100,50,RB Tree,Branch Misses,489588
100,50,WAVL Tree,L1 Misses,249679
100,50,WAVL Tree,Branch Misses,533585
