Mode,Ratio,Run,Tree,Metric,Value
seq,10,1,RB Tree,L1 Misses,3749403
seq,10,1,RB Tree,LLC Misses,
seq,10,1,RB Tree,Branch Misses,18882666
seq,10,1,WAVL Tree,L1 Misses,3506466
seq,10,1,WAVL Tree,Branch Misses,21937863
seq,10,2,RB Tree,L1 Misses,3685939
seq,10,2,RB Tree,LLC Misses,
seq,10,2,RB Tree,Branch Misses,18829692
seq,10,2,WAVL Tree,L1 Misses,3564522
seq,10,2,WAVL Tree,Branch Misses,21927410
seq,10,3,RB Tree,L1 Misses,3691047
seq,10,3,RB Tree,LLC Misses,
seq,10,3,RB Tree,Branch Misses,18806133
seq,10,3,WAVL Tree,L1 Misses,3493112
seq,10,3,WAVL Tree,Branch Misses,21939095
seq,10,4,RB Tree,L1 Misses,3642429
seq,10,4,RB Tree,LLC Misses,
seq,10,4,RB Tree,Branch Misses,18851278
seq,10,4,WAVL Tree,L1 Misses,3613245
seq,10,4,WAVL Tree,Branch Misses,21954495
seq,10,5,RB Tree,L1 Misses,3758409
seq,10,5,RB Tree,LLC Misses,
seq,10,5,RB Tree,Branch Misses,18827915
seq,10,5,WAVL Tree,L1 Misses,3572795
seq,10,5,WAVL Tree,Branch Misses,21957998
seq,10,6,RB Tree,L1 Misses,3625787
seq,10,6,RB Tree,LLC Misses,
seq,10,6,RB Tree,Branch Misses,18848299
seq,10,6,WAVL Tree,L1 Misses,3539931
seq,10,6,WAVL Tree,Branch Misses,21939501
seq,10,7,RB Tree,L1 Misses,3594738
seq,10,7,RB Tree,LLC Misses,
seq,10,7,RB Tree,Branch Misses,18795493
seq,10,7,WAVL Tree,L1 Misses,3568312
seq,10,7,WAVL Tree,Branch Misses,21946692
seq,10,8,RB Tree,L1 Misses,3668724
seq,10,8,RB Tree,LLC Misses,
seq,10,8,RB Tree,Branch Misses,18815927
seq,10,8,WAVL Tree,L1 Misses,3532094
seq,10,8,WAVL Tree,Branch Misses,21925044
seq,10,9,RB Tree,L1 Misses,3773214
seq,10,9,RB Tree,LLC Misses,
seq,10,9,RB Tree,Branch Misses,18838422
seq,10,9,WAVL Tree,L1 Misses,3590814
seq,10,9,WAVL Tree,Branch Misses,21958837
seq,10,10,RB Tree,L1 Misses,3597553
seq,10,10,RB Tree,LLC Misses,
seq,10,10,RB Tree,Branch Misses,18806680
seq,10,10,WAVL Tree,L1 Misses,3535361
seq,10,10,WAVL Tree,Branch Misses,21944954
seq,10,11,RB Tree,L1 Misses,4070391
seq,10,11,RB Tree,LLC Misses,
seq,10,11,RB Tree,Branch Misses,18814458
seq,10,11,WAVL Tree,L1 Misses,3577824
seq,10,11,WAVL Tree,Branch Misses,21948081
seq,10,12,RB Tree,L1 Misses,3763424
seq,10,12,RB Tree,LLC Misses,
seq,10,12,RB Tree,Branch Misses,18849047
seq,10,12,WAVL Tree,L1 Misses,3508400
seq,10,12,WAVL Tree,Branch Misses,21945831
seq,10,13,RB Tree,L1 Misses,3734151
seq,10,13,RB Tree,LLC Misses,
seq,10,13,RB Tree,Branch Misses,18841425
seq,10,13,WAVL Tree,L1 Misses,3551621
seq,10,13,WAVL Tree,Branch Misses,21941239
seq,10,14,RB Tree,L1 Misses,3675452
seq,10,14,RB Tree,LLC Misses,
seq,10,14,RB Tree,Branch Misses,18823813
seq,10,14,WAVL Tree,L1 Misses,3493597
seq,10,14,WAVL Tree,Branch Misses,21942235
seq,10,15,RB Tree,L1 Misses,3623619
seq,10,15,RB Tree,LLC Misses,
seq,10,15,RB Tree,Branch Misses,18796611
seq,10,15,WAVL Tree,L1 Misses,3408409
seq,10,15,WAVL Tree,Branch Misses,21934846
seq,10,16,RB Tree,L1 Misses,3795069
seq,10,16,RB Tree,LLC Misses,
seq,10,16,RB Tree,Branch Misses,18809737
seq,10,16,WAVL Tree,L1 Misses,3460397
seq,10,16,WAVL Tree,Branch Misses,21915191
seq,10,17,RB Tree,L1 Misses,3575094
seq,10,17,RB Tree,LLC Misses,
seq,10,17,RB Tree,Branch Misses,18805234
seq,10,17,WAVL Tree,L1 Misses,3597288
seq,10,17,WAVL Tree,Branch Misses,21971696
seq,10,18,RB Tree,L1 Misses,3747905
seq,10,18,RB Tree,LLC Misses,
seq,10,18,RB Tree,Branch Misses,18849544
seq,10,18,WAVL Tree,L1 Misses,3583920
seq,10,18,WAVL Tree,Branch Misses,21954802
seq,10,19,RB Tree,L1 Misses,3733514
seq,10,19,RB Tree,LLC Misses,
seq,10,19,RB Tree,Branch Misses,18816465
seq,10,19,WAVL Tree,L1 Misses,3550117
seq,10,19,WAVL Tree,Branch Misses,21942854
seq,10,20,RB Tree,L1 Misses,3778065
seq,10,20,RB Tree,LLC Misses,
seq,10,20,RB Tree,Branch Misses,18831533
seq,10,20,WAVL Tree,L1 Misses,3600347
seq,10,20,WAVL Tree,Branch Misses,21953168
seq,20,1,RB Tree,L1 Misses,3826415
seq,20,1,RB Tree,LLC Misses,
seq,20,1,RB Tree,Branch Misses,20065826
seq,20,1,WAVL Tree,L1 Misses,3598545
seq,20,1,WAVL Tree,Branch Misses,23291887
seq,20,2,RB Tree,L1 Misses,3757252
seq,20,2,RB Tree,LLC Misses,
seq,20,2,RB Tree,Branch Misses,20055853
seq,20,2,WAVL Tree,L1 Misses,3629418
seq,20,2,WAVL Tree,Branch Misses,23298541
seq,20,3,RB Tree,L1 Misses,3866262
seq,20,3,RB Tree,LLC Misses,
seq,20,3,RB Tree,Branch Misses,20072477
seq,20,3,WAVL Tree,L1 Misses,3645915
seq,20,3,WAVL Tree,Branch Misses,23279192
seq,20,4,RB Tree,L1 Misses,3699649
seq,20,4,RB Tree,LLC Misses,
seq,20,4,RB Tree,Branch Misses,20042218
seq,20,4,WAVL Tree,L1 Misses,3601989
seq,20,4,WAVL Tree,Branch Misses,23277995
seq,20,5,RB Tree,L1 Misses,3872174
seq,20,5,RB Tree,LLC Misses,
seq,20,5,RB Tree,Branch Misses,20043612
seq,20,5,WAVL Tree,L1 Misses,3578476
seq,20,5,WAVL Tree,Branch Misses,23291309
seq,20,6,RB Tree,L1 Misses,3657541
seq,20,6,RB Tree,LLC Misses,
seq,20,6,RB Tree,Branch Misses,20016331
seq,20,6,WAVL Tree,L1 Misses,3623471
seq,20,6,WAVL Tree,Branch Misses,23300242
seq,20,7,RB Tree,L1 Misses,3754160
seq,20,7,RB Tree,LLC Misses,
seq,20,7,RB Tree,Branch Misses,20070000
seq,20,7,WAVL Tree,L1 Misses,3466757
seq,20,7,WAVL Tree,Branch Misses,23260844
seq,20,8,RB Tree,L1 Misses,4193158
seq,20,8,RB Tree,LLC Misses,
seq,20,8,RB Tree,Branch Misses,20017816
seq,20,8,WAVL Tree,L1 Misses,3550205
seq,20,8,WAVL Tree,Branch Misses,23281550
seq,20,9,RB Tree,L1 Misses,3770140
seq,20,9,RB Tree,LLC Misses,
seq,20,9,RB Tree,Branch Misses,20058118
seq,20,9,WAVL Tree,L1 Misses,3590960
seq,20,9,WAVL Tree,Branch Misses,23277819
seq,20,10,RB Tree,L1 Misses,3788224
seq,20,10,RB Tree,LLC Misses,
seq,20,10,RB Tree,Branch Misses,20036527
seq,20,10,WAVL Tree,L1 Misses,3645238
seq,20,10,WAVL Tree,Branch Misses,23289510
seq,20,11,RB Tree,L1 Misses,3735905
seq,20,11,RB Tree,LLC Misses,
seq,20,11,RB Tree,Branch Misses,20024149
seq,20,11,WAVL Tree,L1 Misses,3618685
seq,20,11,WAVL Tree,Branch Misses,23286089
seq,20,12,RB Tree,L1 Misses,3699628
seq,20,12,RB Tree,LLC Misses,
seq,20,12,RB Tree,Branch Misses,20022897
seq,20,12,WAVL Tree,L1 Misses,3571533
seq,20,12,WAVL Tree,Branch Misses,23285764
seq,20,13,RB Tree,L1 Misses,3718931
seq,20,13,RB Tree,LLC Misses,
seq,20,13,RB Tree,Branch Misses,20028836
seq,20,13,WAVL Tree,L1 Misses,3558128
seq,20,13,WAVL Tree,Branch Misses,23282716
seq,20,14,RB Tree,L1 Misses,3669870
seq,20,14,RB Tree,LLC Misses,
seq,20,14,RB Tree,Branch Misses,20048641
seq,20,14,WAVL Tree,L1 Misses,3624629
seq,20,14,WAVL Tree,Branch Misses,23274379
seq,20,15,RB Tree,L1 Misses,3759556
seq,20,15,RB Tree,LLC Misses,
seq,20,15,RB Tree,Branch Misses,20066063
seq,20,15,WAVL Tree,L1 Misses,3619038
seq,20,15,WAVL Tree,Branch Misses,23276838
seq,20,16,RB Tree,L1 Misses,3777741
seq,20,16,RB Tree,LLC Misses,
seq,20,16,RB Tree,Branch Misses,20035712
seq,20,16,WAVL Tree,L1 Misses,3586527
seq,20,16,WAVL Tree,Branch Misses,23277373
seq,20,17,RB Tree,L1 Misses,3791712
seq,20,17,RB Tree,LLC Misses,
seq,20,17,RB Tree,Branch Misses,20027707
seq,20,17,WAVL Tree,L1 Misses,3661588
seq,20,17,WAVL Tree,Branch Misses,23299134
seq,20,18,RB Tree,L1 Misses,3733356
seq,20,18,RB Tree,LLC Misses,
seq,20,18,RB Tree,Branch Misses,20069391
seq,20,18,WAVL Tree,L1 Misses,3575281
seq,20,18,WAVL Tree,Branch Misses,23289727
seq,20,19,RB Tree,L1 Misses,3809862
seq,20,19,RB Tree,LLC Misses,
seq,20,19,RB Tree,Branch Misses,20033738
seq,20,19,WAVL Tree,L1 Misses,3673209
seq,20,19,WAVL Tree,Branch Misses,23294232
seq,20,20,RB Tree,L1 Misses,3861454
seq,20,20,RB Tree,LLC Misses,
seq,20,20,RB Tree,Branch Misses,20044552
seq,20,20,WAVL Tree,L1 Misses,3609632
seq,20,20,WAVL Tree,Branch Misses,23286460
seq,30,1,RB Tree,L1 Misses,3946021
seq,30,1,RB Tree,LLC Misses,
seq,30,1,RB Tree,Branch Misses,21292600
seq,30,1,WAVL Tree,L1 Misses,3712953
seq,30,1,WAVL Tree,Branch Misses,24667341
seq,30,2,RB Tree,L1 Misses,3898944
seq,30,2,RB Tree,LLC Misses,
seq,30,2,RB Tree,Branch Misses,21276696
seq,30,2,WAVL Tree,L1 Misses,3697834
seq,30,2,WAVL Tree,Branch Misses,24642410
seq,30,3,RB Tree,L1 Misses,4036789
seq,30,3,RB Tree,LLC Misses,
seq,30,3,RB Tree,Branch Misses,21312479
seq,30,3,WAVL Tree,L1 Misses,3828283
seq,30,3,WAVL Tree,Branch Misses,24648272
seq,30,4,RB Tree,L1 Misses,4137520
seq,30,4,RB Tree,LLC Misses,
seq,30,4,RB Tree,Branch Misses,21326303
seq,30,4,WAVL Tree,L1 Misses,3772380
seq,30,4,WAVL Tree,Branch Misses,24659832
seq,30,5,RB Tree,L1 Misses,3952094
seq,30,5,RB Tree,LLC Misses,
seq,30,5,RB Tree,Branch Misses,21262065
seq,30,5,WAVL Tree,L1 Misses,3690455
seq,30,5,WAVL Tree,Branch Misses,24629344
seq,30,6,RB Tree,L1 Misses,3972086
seq,30,6,RB Tree,LLC Misses,
seq,30,6,RB Tree,Branch Misses,21263300
seq,30,6,WAVL Tree,L1 Misses,3685089
seq,30,6,WAVL Tree,Branch Misses,24630302
seq,30,7,RB Tree,L1 Misses,3943312
seq,30,7,RB Tree,LLC Misses,
seq,30,7,RB Tree,Branch Misses,21312112
seq,30,7,WAVL Tree,L1 Misses,3749511
seq,30,7,WAVL Tree,Branch Misses,24647856
seq,30,8,RB Tree,L1 Misses,3996973
seq,30,8,RB Tree,LLC Misses,
seq,30,8,RB Tree,Branch Misses,21300179
seq,30,8,WAVL Tree,L1 Misses,3689358
seq,30,8,WAVL Tree,Branch Misses,24628314
seq,30,9,RB Tree,L1 Misses,3832708
seq,30,9,RB Tree,LLC Misses,
seq,30,9,RB Tree,Branch Misses,21259215
seq,30,9,WAVL Tree,L1 Misses,3767950
seq,30,9,WAVL Tree,Branch Misses,24655284
seq,30,10,RB Tree,L1 Misses,3866071
seq,30,10,RB Tree,LLC Misses,
seq,30,10,RB Tree,Branch Misses,21259295
seq,30,10,WAVL Tree,L1 Misses,3783291
seq,30,10,WAVL Tree,Branch Misses,24657198
seq,30,11,RB Tree,L1 Misses,3936275
seq,30,11,RB Tree,LLC Misses,
seq,30,11,RB Tree,Branch Misses,21306111
seq,30,11,WAVL Tree,L1 Misses,3757777
seq,30,11,WAVL Tree,Branch Misses,24614367
seq,30,12,RB Tree,L1 Misses,3894104
seq,30,12,RB Tree,LLC Misses,
seq,30,12,RB Tree,Branch Misses,21258587
seq,30,12,WAVL Tree,L1 Misses,3783253
seq,30,12,WAVL Tree,Branch Misses,24636731
seq,30,13,RB Tree,L1 Misses,3963434
seq,30,13,RB Tree,LLC Misses,
seq,30,13,RB Tree,Branch Misses,21276522
seq,30,13,WAVL Tree,L1 Misses,3700002
seq,30,13,WAVL Tree,Branch Misses,24641760
seq,30,14,RB Tree,L1 Misses,4199559
seq,30,14,RB Tree,LLC Misses,
seq,30,14,RB Tree,Branch Misses,21309284
seq,30,14,WAVL Tree,L1 Misses,3697694
seq,30,14,WAVL Tree,Branch Misses,24631430
seq,30,15,RB Tree,L1 Misses,3888933
seq,30,15,RB Tree,LLC Misses,
seq,30,15,RB Tree,Branch Misses,21257055
seq,30,15,WAVL Tree,L1 Misses,3784092
seq,30,15,WAVL Tree,Branch Misses,24635804
seq,30,16,RB Tree,L1 Misses,3856351
seq,30,16,RB Tree,LLC Misses,
seq,30,16,RB Tree,Branch Misses,21264017
seq,30,16,WAVL Tree,L1 Misses,3741862
seq,30,16,WAVL Tree,Branch Misses,24639662
seq,30,17,RB Tree,L1 Misses,3842214
seq,30,17,RB Tree,LLC Misses,
seq,30,17,RB Tree,Branch Misses,21266970
seq,30,17,WAVL Tree,L1 Misses,3567053
seq,30,17,WAVL Tree,Branch Misses,24625711
seq,30,18,RB Tree,L1 Misses,3809248
seq,30,18,RB Tree,LLC Misses,
seq,30,18,RB Tree,Branch Misses,21257982
seq,30,18,WAVL Tree,L1 Misses,3639957
seq,30,18,WAVL Tree,Branch Misses,24619418
seq,30,19,RB Tree,L1 Misses,3848959
seq,30,19,RB Tree,LLC Misses,
seq,30,19,RB Tree,Branch Misses,21250627
seq,30,19,WAVL Tree,L1 Misses,3648729
seq,30,19,WAVL Tree,Branch Misses,24620114
seq,30,20,RB Tree,L1 Misses,3701636
seq,30,20,RB Tree,LLC Misses,
seq,30,20,RB Tree,Branch Misses,21291720
seq,30,20,WAVL Tree,L1 Misses,3618162
seq,30,20,WAVL Tree,Branch Misses,24624387
seq,40,1,RB Tree,L1 Misses,3892000
seq,40,1,RB Tree,LLC Misses,
seq,40,1,RB Tree,Branch Misses,22504576
seq,40,1,WAVL Tree,L1 Misses,4247961
seq,40,1,WAVL Tree,Branch Misses,25975330
seq,40,2,RB Tree,L1 Misses,4036356
seq,40,2,RB Tree,LLC Misses,
seq,40,2,RB Tree,Branch Misses,22503353
seq,40,2,WAVL Tree,L1 Misses,4032569
seq,40,2,WAVL Tree,Branch Misses,26008182
seq,40,3,RB Tree,L1 Misses,3953992
seq,40,3,RB Tree,LLC Misses,
seq,40,3,RB Tree,Branch Misses,22488815
seq,40,3,WAVL Tree,L1 Misses,3740980
seq,40,3,WAVL Tree,Branch Misses,25973520
seq,40,4,RB Tree,L1 Misses,3908297
seq,40,4,RB Tree,LLC Misses,
seq,40,4,RB Tree,Branch Misses,22516951
seq,40,4,WAVL Tree,L1 Misses,3779133
seq,40,4,WAVL Tree,Branch Misses,25986248
seq,40,5,RB Tree,L1 Misses,3985770
seq,40,5,RB Tree,LLC Misses,
seq,40,5,RB Tree,Branch Misses,22467913
seq,40,5,WAVL Tree,L1 Misses,3861224
seq,40,5,WAVL Tree,Branch Misses,25993306
seq,40,6,RB Tree,L1 Misses,4038749
seq,40,6,RB Tree,LLC Misses,
seq,40,6,RB Tree,Branch Misses,22496259
seq,40,6,WAVL Tree,L1 Misses,3797466
seq,40,6,WAVL Tree,Branch Misses,26000095
seq,40,7,RB Tree,L1 Misses,3978504
seq,40,7,RB Tree,LLC Misses,
seq,40,7,RB Tree,Branch Misses,22476222
seq,40,7,WAVL Tree,L1 Misses,3641027
seq,40,7,WAVL Tree,Branch Misses,25965238
seq,40,8,RB Tree,L1 Misses,4027583
seq,40,8,RB Tree,LLC Misses,
seq,40,8,RB Tree,Branch Misses,22485790
seq,40,8,WAVL Tree,L1 Misses,3755266
seq,40,8,WAVL Tree,Branch Misses,25983534
seq,40,9,RB Tree,L1 Misses,4203717
seq,40,9,RB Tree,LLC Misses,
seq,40,9,RB Tree,Branch Misses,22475904
seq,40,9,WAVL Tree,L1 Misses,3777423
seq,40,9,WAVL Tree,Branch Misses,25978971
seq,40,10,RB Tree,L1 Misses,3911595
seq,40,10,RB Tree,LLC Misses,
seq,40,10,RB Tree,Branch Misses,22477639
seq,40,10,WAVL Tree,L1 Misses,3759677
seq,40,10,WAVL Tree,Branch Misses,25995253
seq,40,11,RB Tree,L1 Misses,4050240
seq,40,11,RB Tree,LLC Misses,
seq,40,11,RB Tree,Branch Misses,22526482
seq,40,11,WAVL Tree,L1 Misses,3812139
seq,40,11,WAVL Tree,Branch Misses,25965341
seq,40,12,RB Tree,L1 Misses,4006354
seq,40,12,RB Tree,LLC Misses,
seq,40,12,RB Tree,Branch Misses,22518405
seq,40,12,WAVL Tree,L1 Misses,3844517
seq,40,12,WAVL Tree,Branch Misses,25986827
seq,40,13,RB Tree,L1 Misses,3933817
seq,40,13,RB Tree,LLC Misses,
seq,40,13,RB Tree,Branch Misses,22484873
seq,40,13,WAVL Tree,L1 Misses,3759582
seq,40,13,WAVL Tree,Branch Misses,25983538
seq,40,14,RB Tree,L1 Misses,3998836
seq,40,14,RB Tree,LLC Misses,
seq,40,14,RB Tree,Branch Misses,22509067
seq,40,14,WAVL Tree,L1 Misses,3834428
seq,40,14,WAVL Tree,Branch Misses,25980118
seq,40,15,RB Tree,L1 Misses,4084595
seq,40,15,RB Tree,LLC Misses,
seq,40,15,RB Tree,Branch Misses,22504790
seq,40,15,WAVL Tree,L1 Misses,3801907
seq,40,15,WAVL Tree,Branch Misses,25979556
seq,40,16,RB Tree,L1 Misses,4143569
seq,40,16,RB Tree,LLC Misses,
seq,40,16,RB Tree,Branch Misses,22491549
seq,40,16,WAVL Tree,L1 Misses,3732713
seq,40,16,WAVL Tree,Branch Misses,25977162
seq,40,17,RB Tree,L1 Misses,4575776
seq,40,17,RB Tree,LLC Misses,
seq,40,17,RB Tree,Branch Misses,22470064
seq,40,17,WAVL Tree,L1 Misses,3778791
seq,40,17,WAVL Tree,Branch Misses,25972952
seq,40,18,RB Tree,L1 Misses,4064249
seq,40,18,RB Tree,LLC Misses,
seq,40,18,RB Tree,Branch Misses,22527596
seq,40,18,WAVL Tree,L1 Misses,3647018
seq,40,18,WAVL Tree,Branch Misses,25975236
seq,40,19,RB Tree,L1 Misses,3921471
seq,40,19,RB Tree,LLC Misses,
seq,40,19,RB Tree,Branch Misses,22507383
seq,40,19,WAVL Tree,L1 Misses,3691933
seq,40,19,WAVL Tree,Branch Misses,25980439
seq,40,20,RB Tree,L1 Misses,3862468
seq,40,20,RB Tree,LLC Misses,
seq,40,20,RB Tree,Branch Misses,22522392
seq,40,20,WAVL Tree,L1 Misses,4054373
seq,40,20,WAVL Tree,Branch Misses,26047602
seq,50,1,RB Tree,L1 Misses,7101221
seq,50,1,RB Tree,LLC Misses,
seq,50,1,RB Tree,Branch Misses,24217401
seq,50,1,WAVL Tree,L1 Misses,7074277
seq,50,1,WAVL Tree,Branch Misses,27504885
seq,50,2,RB Tree,L1 Misses,4116426
seq,50,2,RB Tree,LLC Misses,
seq,50,2,RB Tree,Branch Misses,23733253
seq,50,2,WAVL Tree,L1 Misses,3989449
seq,50,2,WAVL Tree,Branch Misses,27338806
seq,50,3,RB Tree,L1 Misses,4118108
seq,50,3,RB Tree,LLC Misses,
seq,50,3,RB Tree,Branch Misses,23754212
seq,50,3,WAVL Tree,L1 Misses,3834248
seq,50,3,WAVL Tree,Branch Misses,27323773
seq,50,4,RB Tree,L1 Misses,3930016
seq,50,4,RB Tree,LLC Misses,
seq,50,4,RB Tree,Branch Misses,23739030
seq,50,4,WAVL Tree,L1 Misses,3766333
seq,50,4,WAVL Tree,Branch Misses,27317509
seq,50,5,RB Tree,L1 Misses,4035185
seq,50,5,RB Tree,LLC Misses,
seq,50,5,RB Tree,Branch Misses,23705283
seq,50,5,WAVL Tree,L1 Misses,3781116
seq,50,5,WAVL Tree,Branch Misses,27314268
seq,50,6,RB Tree,L1 Misses,4054583
seq,50,6,RB Tree,LLC Misses,
seq,50,6,RB Tree,Branch Misses,23703058
seq,50,6,WAVL Tree,L1 Misses,3754026
seq,50,6,WAVL Tree,Branch Misses,27314400
seq,50,7,RB Tree,L1 Misses,4109784
seq,50,7,RB Tree,LLC Misses,
seq,50,7,RB Tree,Branch Misses,23695922
seq,50,7,WAVL Tree,L1 Misses,3863547
seq,50,7,WAVL Tree,Branch Misses,27316297
seq,50,8,RB Tree,L1 Misses,4085529
seq,50,8,RB Tree,LLC Misses,
seq,50,8,RB Tree,Branch Misses,23721189
seq,50,8,WAVL Tree,L1 Misses,3945774
seq,50,8,WAVL Tree,Branch Misses,27345401
seq,50,9,RB Tree,L1 Misses,4078171
seq,50,9,RB Tree,LLC Misses,
seq,50,9,RB Tree,Branch Misses,23708850
seq,50,9,WAVL Tree,L1 Misses,3910300
seq,50,9,WAVL Tree,Branch Misses,27331420
seq,50,10,RB Tree,L1 Misses,4023977
seq,50,10,RB Tree,LLC Misses,
seq,50,10,RB Tree,Branch Misses,23699137
seq,50,10,WAVL Tree,L1 Misses,3829787
seq,50,10,WAVL Tree,Branch Misses,27316162
seq,50,11,RB Tree,L1 Misses,3978086
seq,50,11,RB Tree,LLC Misses,
seq,50,11,RB Tree,Branch Misses,23678510
seq,50,11,WAVL Tree,L1 Misses,3916417
seq,50,11,WAVL Tree,Branch Misses,27322999
seq,50,12,RB Tree,L1 Misses,4119392
seq,50,12,RB Tree,LLC Misses,
seq,50,12,RB Tree,Branch Misses,23699512
seq,50,12,WAVL Tree,L1 Misses,3953340
seq,50,12,WAVL Tree,Branch Misses,27330762
seq,50,13,RB Tree,L1 Misses,4237556
seq,50,13,RB Tree,LLC Misses,
seq,50,13,RB Tree,Branch Misses,23709201
seq,50,13,WAVL Tree,L1 Misses,3785858
seq,50,13,WAVL Tree,Branch Misses,27313401
seq,50,14,RB Tree,L1 Misses,4510463
seq,50,14,RB Tree,LLC Misses,
seq,50,14,RB Tree,Branch Misses,23730723
seq,50,14,WAVL Tree,L1 Misses,3893140
seq,50,14,WAVL Tree,Branch Misses,27301077
seq,50,15,RB Tree,L1 Misses,4119182
seq,50,15,RB Tree,LLC Misses,
seq,50,15,RB Tree,Branch Misses,23746249
seq,50,15,WAVL Tree,L1 Misses,4086961
seq,50,15,WAVL Tree,Branch Misses,27326989
seq,50,16,RB Tree,L1 Misses,3994712
seq,50,16,RB Tree,LLC Misses,
seq,50,16,RB Tree,Branch Misses,23731648
seq,50,16,WAVL Tree,L1 Misses,3860941
seq,50,16,WAVL Tree,Branch Misses,27313368
seq,50,17,RB Tree,L1 Misses,4146052
seq,50,17,RB Tree,LLC Misses,
seq,50,17,RB Tree,Branch Misses,23752119
seq,50,17,WAVL Tree,L1 Misses,4364557
seq,50,17,WAVL Tree,Branch Misses,27461311
seq,50,18,RB Tree,L1 Misses,4226303
seq,50,18,RB Tree,LLC Misses,
seq,50,18,RB Tree,Branch Misses,23809838
seq,50,18,WAVL Tree,L1 Misses,5266586
seq,50,18,WAVL Tree,Branch Misses,27699642
seq,50,19,RB Tree,L1 Misses,4396905
seq,50,19,RB Tree,LLC Misses,
seq,50,19,RB Tree,Branch Misses,23851635
seq,50,19,WAVL Tree,L1 Misses,4141159
seq,50,19,WAVL Tree,Branch Misses,27429799
seq,50,20,RB Tree,L1 Misses,4154003
seq,50,20,RB Tree,LLC Misses,
seq,50,20,RB Tree,Branch Misses,23755895
seq,50,20,WAVL Tree,L1 Misses,4003264
seq,50,20,WAVL Tree,Branch Misses,27328075
seq,60,1,RB Tree,L1 Misses,4388281
seq,60,1,RB Tree,LLC Misses,
seq,60,1,RB Tree,Branch Misses,24995032
seq,60,1,WAVL Tree,L1 Misses,4085903
seq,60,1,WAVL Tree,Branch Misses,28701870
seq,60,2,RB Tree,L1 Misses,4232387
seq,60,2,RB Tree,LLC Misses,
seq,60,2,RB Tree,Branch Misses,24975986
seq,60,2,WAVL Tree,L1 Misses,3961881
seq,60,2,WAVL Tree,Branch Misses,28690508
seq,60,3,RB Tree,L1 Misses,4325619
seq,60,3,RB Tree,LLC Misses,
seq,60,3,RB Tree,Branch Misses,24971014
seq,60,3,WAVL Tree,L1 Misses,4187108
seq,60,3,WAVL Tree,Branch Misses,28685907
seq,60,4,RB Tree,L1 Misses,4191694
seq,60,4,RB Tree,LLC Misses,
seq,60,4,RB Tree,Branch Misses,24960492
seq,60,4,WAVL Tree,L1 Misses,4056814
seq,60,4,WAVL Tree,Branch Misses,28676317
seq,60,5,RB Tree,L1 Misses,4121621
seq,60,5,RB Tree,LLC Misses,
seq,60,5,RB Tree,Branch Misses,24922533
seq,60,5,WAVL Tree,L1 Misses,3921653
seq,60,5,WAVL Tree,Branch Misses,28663917
seq,60,6,RB Tree,L1 Misses,4096708
seq,60,6,RB Tree,LLC Misses,
seq,60,6,RB Tree,Branch Misses,24956786
seq,60,6,WAVL Tree,L1 Misses,4054893
seq,60,6,WAVL Tree,Branch Misses,28682259
seq,60,7,RB Tree,L1 Misses,4135319
seq,60,7,RB Tree,LLC Misses,
seq,60,7,RB Tree,Branch Misses,24941019
seq,60,7,WAVL Tree,L1 Misses,4090385
seq,60,7,WAVL Tree,Branch Misses,28691512
seq,60,8,RB Tree,L1 Misses,4463733
seq,60,8,RB Tree,LLC Misses,
seq,60,8,RB Tree,Branch Misses,24979836
seq,60,8,WAVL Tree,L1 Misses,4141223
seq,60,8,WAVL Tree,Branch Misses,28691931
seq,60,9,RB Tree,L1 Misses,4328973
seq,60,9,RB Tree,LLC Misses,
seq,60,9,RB Tree,Branch Misses,24970287
seq,60,9,WAVL Tree,L1 Misses,4141177
seq,60,9,WAVL Tree,Branch Misses,28692285
seq,60,10,RB Tree,L1 Misses,4275718
seq,60,10,RB Tree,LLC Misses,
seq,60,10,RB Tree,Branch Misses,24955406
seq,60,10,WAVL Tree,L1 Misses,4131138
seq,60,10,WAVL Tree,Branch Misses,28690655
seq,60,11,RB Tree,L1 Misses,4428340
seq,60,11,RB Tree,LLC Misses,
seq,60,11,RB Tree,Branch Misses,24986063
seq,60,11,WAVL Tree,L1 Misses,4119282
seq,60,11,WAVL Tree,Branch Misses,28668757
seq,60,12,RB Tree,L1 Misses,4050834
seq,60,12,RB Tree,LLC Misses,
seq,60,12,RB Tree,Branch Misses,24935917
seq,60,12,WAVL Tree,L1 Misses,3868327
seq,60,12,WAVL Tree,Branch Misses,28657339
seq,60,13,RB Tree,L1 Misses,4167183
seq,60,13,RB Tree,LLC Misses,
seq,60,13,RB Tree,Branch Misses,24964138
seq,60,13,WAVL Tree,L1 Misses,4021093
seq,60,13,WAVL Tree,Branch Misses,28669224
seq,60,14,RB Tree,L1 Misses,4293408
seq,60,14,RB Tree,LLC Misses,
seq,60,14,RB Tree,Branch Misses,24971118
seq,60,14,WAVL Tree,L1 Misses,4046161
seq,60,14,WAVL Tree,Branch Misses,28682760
seq,60,15,RB Tree,L1 Misses,4207884
seq,60,15,RB Tree,LLC Misses,
seq,60,15,RB Tree,Branch Misses,24930099
seq,60,15,WAVL Tree,L1 Misses,3935620
seq,60,15,WAVL Tree,Branch Misses,28675980
seq,60,16,RB Tree,L1 Misses,4085203
seq,60,16,RB Tree,LLC Misses,
seq,60,16,RB Tree,Branch Misses,24909411
seq,60,16,WAVL Tree,L1 Misses,3959497
seq,60,16,WAVL Tree,Branch Misses,28662548
seq,60,17,RB Tree,L1 Misses,4236471
seq,60,17,RB Tree,LLC Misses,
seq,60,17,RB Tree,Branch Misses,24921773
seq,60,17,WAVL Tree,L1 Misses,4165816
seq,60,17,WAVL Tree,Branch Misses,28685651
seq,60,18,RB Tree,L1 Misses,4193868
seq,60,18,RB Tree,LLC Misses,
seq,60,18,RB Tree,Branch Misses,24978105
seq,60,18,WAVL Tree,L1 Misses,4146548
seq,60,18,WAVL Tree,Branch Misses,28690977
seq,60,19,RB Tree,L1 Misses,4215871
seq,60,19,RB Tree,LLC Misses,
seq,60,19,RB Tree,Branch Misses,24929615
seq,60,19,WAVL Tree,L1 Misses,3895017
seq,60,19,WAVL Tree,Branch Misses,28654478
seq,60,20,RB Tree,L1 Misses,4258285
seq,60,20,RB Tree,LLC Misses,
seq,60,20,RB Tree,Branch Misses,24936146
seq,60,20,WAVL Tree,L1 Misses,4006512
seq,60,20,WAVL Tree,Branch Misses,28667672
seq,70,1,RB Tree,L1 Misses,4426373
seq,70,1,RB Tree,LLC Misses,
seq,70,1,RB Tree,Branch Misses,26199588
seq,70,1,WAVL Tree,L1 Misses,4126568
seq,70,1,WAVL Tree,Branch Misses,30043505
seq,70,2,RB Tree,L1 Misses,4278461
seq,70,2,RB Tree,LLC Misses,
seq,70,2,RB Tree,Branch Misses,26169463
seq,70,2,WAVL Tree,L1 Misses,4182078
seq,70,2,WAVL Tree,Branch Misses,30051772
seq,70,3,RB Tree,L1 Misses,4259410
seq,70,3,RB Tree,LLC Misses,
seq,70,3,RB Tree,Branch Misses,26186889
seq,70,3,WAVL Tree,L1 Misses,3892342
seq,70,3,WAVL Tree,Branch Misses,29994776
seq,70,4,RB Tree,L1 Misses,4227678
seq,70,4,RB Tree,LLC Misses,
seq,70,4,RB Tree,Branch Misses,26137413
seq,70,4,WAVL Tree,L1 Misses,4067372
seq,70,4,WAVL Tree,Branch Misses,30018277
seq,70,5,RB Tree,L1 Misses,4152368
seq,70,5,RB Tree,LLC Misses,
seq,70,5,RB Tree,Branch Misses,26183826
seq,70,5,WAVL Tree,L1 Misses,3926167
seq,70,5,WAVL Tree,Branch Misses,30009589
seq,70,6,RB Tree,L1 Misses,4438356
seq,70,6,RB Tree,LLC Misses,
seq,70,6,RB Tree,Branch Misses,26162939
seq,70,6,WAVL Tree,L1 Misses,4169806
seq,70,6,WAVL Tree,Branch Misses,30038177
seq,70,7,RB Tree,L1 Misses,4250328
seq,70,7,RB Tree,LLC Misses,
seq,70,7,RB Tree,Branch Misses,26186360
seq,70,7,WAVL Tree,L1 Misses,3932919
seq,70,7,WAVL Tree,Branch Misses,30011029
seq,70,8,RB Tree,L1 Misses,4659711
seq,70,8,RB Tree,LLC Misses,
seq,70,8,RB Tree,Branch Misses,26156239
seq,70,8,WAVL Tree,L1 Misses,4076649
seq,70,8,WAVL Tree,Branch Misses,30032407
seq,70,9,RB Tree,L1 Misses,4259276
seq,70,9,RB Tree,LLC Misses,
seq,70,9,RB Tree,Branch Misses,26164619
seq,70,9,WAVL Tree,L1 Misses,4151840
seq,70,9,WAVL Tree,Branch Misses,30034887
seq,70,10,RB Tree,L1 Misses,4346885
seq,70,10,RB Tree,LLC Misses,
seq,70,10,RB Tree,Branch Misses,26157965
seq,70,10,WAVL Tree,L1 Misses,4100125
seq,70,10,WAVL Tree,Branch Misses,30045182
seq,70,11,RB Tree,L1 Misses,4258747
seq,70,11,RB Tree,LLC Misses,
seq,70,11,RB Tree,Branch Misses,26205349
seq,70,11,WAVL Tree,L1 Misses,3966408
seq,70,11,WAVL Tree,Branch Misses,30016344
seq,70,12,RB Tree,L1 Misses,4350051
seq,70,12,RB Tree,LLC Misses,
seq,70,12,RB Tree,Branch Misses,26204411
seq,70,12,WAVL Tree,L1 Misses,3996735
seq,70,12,WAVL Tree,Branch Misses,30024948
seq,70,13,RB Tree,L1 Misses,4214861
seq,70,13,RB Tree,LLC Misses,
seq,70,13,RB Tree,Branch Misses,26144023
seq,70,13,WAVL Tree,L1 Misses,4079958
seq,70,13,WAVL Tree,Branch Misses,30002726
seq,70,14,RB Tree,L1 Misses,4254316
seq,70,14,RB Tree,LLC Misses,
seq,70,14,RB Tree,Branch Misses,26190437
seq,70,14,WAVL Tree,L1 Misses,4070966
seq,70,14,WAVL Tree,Branch Misses,30034808
seq,70,15,RB Tree,L1 Misses,4393240
seq,70,15,RB Tree,LLC Misses,
seq,70,15,RB Tree,Branch Misses,26202518
seq,70,15,WAVL Tree,L1 Misses,4070264
seq,70,15,WAVL Tree,Branch Misses,30013556
seq,70,16,RB Tree,L1 Misses,4263635
seq,70,16,RB Tree,LLC Misses,
seq,70,16,RB Tree,Branch Misses,26152624
seq,70,16,WAVL Tree,L1 Misses,3986106
seq,70,16,WAVL Tree,Branch Misses,30013266
seq,70,17,RB Tree,L1 Misses,4086793
seq,70,17,RB Tree,LLC Misses,
seq,70,17,RB Tree,Branch Misses,26130805
seq,70,17,WAVL Tree,L1 Misses,3930332
seq,70,17,WAVL Tree,Branch Misses,30007370
seq,70,18,RB Tree,L1 Misses,3991623
seq,70,18,RB Tree,LLC Misses,
seq,70,18,RB Tree,Branch Misses,26123638
seq,70,18,WAVL Tree,L1 Misses,3995790
seq,70,18,WAVL Tree,Branch Misses,30015607
seq,70,19,RB Tree,L1 Misses,4396164
seq,70,19,RB Tree,LLC Misses,
seq,70,19,RB Tree,Branch Misses,26141207
seq,70,19,WAVL Tree,L1 Misses,4125053
seq,70,19,WAVL Tree,Branch Misses,30023960
seq,70,20,RB Tree,L1 Misses,4257146
seq,70,20,RB Tree,LLC Misses,
seq,70,20,RB Tree,Branch Misses,26152611
seq,70,20,WAVL Tree,L1 Misses,3993977
seq,70,20,WAVL Tree,Branch Misses,30004164
seq,80,1,RB Tree,L1 Misses,4349116
seq,80,1,RB Tree,LLC Misses,
seq,80,1,RB Tree,Branch Misses,27407145
seq,80,1,WAVL Tree,L1 Misses,4097249
seq,80,1,WAVL Tree,Branch Misses,31392738
seq,80,2,RB Tree,L1 Misses,4563218
seq,80,2,RB Tree,LLC Misses,
seq,80,2,RB Tree,Branch Misses,27436965
seq,80,2,WAVL Tree,L1 Misses,4226032
seq,80,2,WAVL Tree,Branch Misses,31379290
seq,80,3,RB Tree,L1 Misses,4334406
seq,80,3,RB Tree,LLC Misses,
seq,80,3,RB Tree,Branch Misses,27355769
seq,80,3,WAVL Tree,L1 Misses,4030977
seq,80,3,WAVL Tree,Branch Misses,31348955
seq,80,4,RB Tree,L1 Misses,4428063
seq,80,4,RB Tree,LLC Misses,
seq,80,4,RB Tree,Branch Misses,27373536
seq,80,4,WAVL Tree,L1 Misses,3953266
seq,80,4,WAVL Tree,Branch Misses,31331645
seq,80,5,RB Tree,L1 Misses,4764180
seq,80,5,RB Tree,LLC Misses,
seq,80,5,RB Tree,Branch Misses,27364874
seq,80,5,WAVL Tree,L1 Misses,4088343
seq,80,5,WAVL Tree,Branch Misses,31359685
seq,80,6,RB Tree,L1 Misses,4275244
seq,80,6,RB Tree,LLC Misses,
seq,80,6,RB Tree,Branch Misses,27360954
seq,80,6,WAVL Tree,L1 Misses,4178522
seq,80,6,WAVL Tree,Branch Misses,31379032
seq,80,7,RB Tree,L1 Misses,4215249
seq,80,7,RB Tree,LLC Misses,
seq,80,7,RB Tree,Branch Misses,27343458
seq,80,7,WAVL Tree,L1 Misses,4117818
seq,80,7,WAVL Tree,Branch Misses,31366194
seq,80,8,RB Tree,L1 Misses,4472028
seq,80,8,RB Tree,LLC Misses,
seq,80,8,RB Tree,Branch Misses,27373976
seq,80,8,WAVL Tree,L1 Misses,4204220
seq,80,8,WAVL Tree,Branch Misses,31352364
seq,80,9,RB Tree,L1 Misses,4247589
seq,80,9,RB Tree,LLC Misses,
seq,80,9,RB Tree,Branch Misses,27353113
seq,80,9,WAVL Tree,L1 Misses,3944949
seq,80,9,WAVL Tree,Branch Misses,31346246
seq,80,10,RB Tree,L1 Misses,4065889
seq,80,10,RB Tree,LLC Misses,
seq,80,10,RB Tree,Branch Misses,27341234
seq,80,10,WAVL Tree,L1 Misses,4011683
seq,80,10,WAVL Tree,Branch Misses,31342509
seq,80,11,RB Tree,L1 Misses,4304152
seq,80,11,RB Tree,LLC Misses,
seq,80,11,RB Tree,Branch Misses,27365558
seq,80,11,WAVL Tree,L1 Misses,4222541
seq,80,11,WAVL Tree,Branch Misses,31365484
seq,80,12,RB Tree,L1 Misses,4415798
seq,80,12,RB Tree,LLC Misses,
seq,80,12,RB Tree,Branch Misses,27436780
seq,80,12,WAVL Tree,L1 Misses,4070152
seq,80,12,WAVL Tree,Branch Misses,31362136
seq,80,13,RB Tree,L1 Misses,4330161
seq,80,13,RB Tree,LLC Misses,
seq,80,13,RB Tree,Branch Misses,27403280
seq,80,13,WAVL Tree,L1 Misses,4222957
seq,80,13,WAVL Tree,Branch Misses,31369683
seq,80,14,RB Tree,L1 Misses,4345623
seq,80,14,RB Tree,LLC Misses,
seq,80,14,RB Tree,Branch Misses,27363332
seq,80,14,WAVL Tree,L1 Misses,4100092
seq,80,14,WAVL Tree,Branch Misses,31362549
seq,80,15,RB Tree,L1 Misses,4332589
seq,80,15,RB Tree,LLC Misses,
seq,80,15,RB Tree,Branch Misses,27382487
seq,80,15,WAVL Tree,L1 Misses,4176658
seq,80,15,WAVL Tree,Branch Misses,31372090
seq,80,16,RB Tree,L1 Misses,4193925
seq,80,16,RB Tree,LLC Misses,
seq,80,16,RB Tree,Branch Misses,27343646
seq,80,16,WAVL Tree,L1 Misses,4077509
seq,80,16,WAVL Tree,Branch Misses,31348541
seq,80,17,RB Tree,L1 Misses,4338671
seq,80,17,RB Tree,LLC Misses,
seq,80,17,RB Tree,Branch Misses,27390555
seq,80,17,WAVL Tree,L1 Misses,4203909
seq,80,17,WAVL Tree,Branch Misses,31366301
seq,80,18,RB Tree,L1 Misses,4370748
seq,80,18,RB Tree,LLC Misses,
seq,80,18,RB Tree,Branch Misses,27374257
seq,80,18,WAVL Tree,L1 Misses,4220956
seq,80,18,WAVL Tree,Branch Misses,31365831
seq,80,19,RB Tree,L1 Misses,4327543
seq,80,19,RB Tree,LLC Misses,
seq,80,19,RB Tree,Branch Misses,27400953
seq,80,19,WAVL Tree,L1 Misses,4196427
seq,80,19,WAVL Tree,Branch Misses,31359690
seq,80,20,RB Tree,L1 Misses,4453115
seq,80,20,RB Tree,LLC Misses,
seq,80,20,RB Tree,Branch Misses,27420660
seq,80,20,WAVL Tree,L1 Misses,4201713
seq,80,20,WAVL Tree,Branch Misses,31364625
seq,90,1,RB Tree,L1 Misses,4443090
seq,90,1,RB Tree,LLC Misses,
seq,90,1,RB Tree,Branch Misses,28642742
seq,90,1,WAVL Tree,L1 Misses,4288645
seq,90,1,WAVL Tree,Branch Misses,32748446
seq,90,2,RB Tree,L1 Misses,4419486
seq,90,2,RB Tree,LLC Misses,
seq,90,2,RB Tree,Branch Misses,28611175
seq,90,2,WAVL Tree,L1 Misses,4034892
seq,90,2,WAVL Tree,Branch Misses,32706167
seq,90,3,RB Tree,L1 Misses,4574331
seq,90,3,RB Tree,LLC Misses,
seq,90,3,RB Tree,Branch Misses,28598540
seq,90,3,WAVL Tree,L1 Misses,4167392
seq,90,3,WAVL Tree,Branch Misses,32700791
seq,90,4,RB Tree,L1 Misses,4620824
seq,90,4,RB Tree,LLC Misses,
seq,90,4,RB Tree,Branch Misses,28640006
seq,90,4,WAVL Tree,L1 Misses,4295371
seq,90,4,WAVL Tree,Branch Misses,32699866
seq,90,5,RB Tree,L1 Misses,4477443
seq,90,5,RB Tree,LLC Misses,
seq,90,5,RB Tree,Branch Misses,28573902
seq,90,5,WAVL Tree,L1 Misses,4191895
seq,90,5,WAVL Tree,Branch Misses,32713816
seq,90,6,RB Tree,L1 Misses,4647301
seq,90,6,RB Tree,LLC Misses,
seq,90,6,RB Tree,Branch Misses,28648716
seq,90,6,WAVL Tree,L1 Misses,4177553
seq,90,6,WAVL Tree,Branch Misses,32698829
seq,90,7,RB Tree,L1 Misses,4377955
seq,90,7,RB Tree,LLC Misses,
seq,90,7,RB Tree,Branch Misses,28582930
seq,90,7,WAVL Tree,L1 Misses,4242768
seq,90,7,WAVL Tree,Branch Misses,32699739
seq,90,8,RB Tree,L1 Misses,4495102
seq,90,8,RB Tree,LLC Misses,
seq,90,8,RB Tree,Branch Misses,28603408
seq,90,8,WAVL Tree,L1 Misses,4172175
seq,90,8,WAVL Tree,Branch Misses,32712645
seq,90,9,RB Tree,L1 Misses,4763866
seq,90,9,RB Tree,LLC Misses,
seq,90,9,RB Tree,Branch Misses,28654167
seq,90,9,WAVL Tree,L1 Misses,4304696
seq,90,9,WAVL Tree,Branch Misses,32728450
seq,90,10,RB Tree,L1 Misses,4543316
seq,90,10,RB Tree,LLC Misses,
seq,90,10,RB Tree,Branch Misses,28597296
seq,90,10,WAVL Tree,L1 Misses,4294489
seq,90,10,WAVL Tree,Branch Misses,32717277
seq,90,11,RB Tree,L1 Misses,4544367
seq,90,11,RB Tree,LLC Misses,
seq,90,11,RB Tree,Branch Misses,28635470
seq,90,11,WAVL Tree,L1 Misses,4158566
seq,90,11,WAVL Tree,Branch Misses,32709221
seq,90,12,RB Tree,L1 Misses,4709596
seq,90,12,RB Tree,LLC Misses,
seq,90,12,RB Tree,Branch Misses,28590845
seq,90,12,WAVL Tree,L1 Misses,4257764
seq,90,12,WAVL Tree,Branch Misses,32702236
seq,90,13,RB Tree,L1 Misses,4546354
seq,90,13,RB Tree,LLC Misses,
seq,90,13,RB Tree,Branch Misses,28589893
seq,90,13,WAVL Tree,L1 Misses,4207129
seq,90,13,WAVL Tree,Branch Misses,32720145
seq,90,14,RB Tree,L1 Misses,4290508
seq,90,14,RB Tree,LLC Misses,
seq,90,14,RB Tree,Branch Misses,28580712
seq,90,14,WAVL Tree,L1 Misses,4051262
seq,90,14,WAVL Tree,Branch Misses,32685570
seq,90,15,RB Tree,L1 Misses,4437454
seq,90,15,RB Tree,LLC Misses,
seq,90,15,RB Tree,Branch Misses,28610331
seq,90,15,WAVL Tree,L1 Misses,4189343
seq,90,15,WAVL Tree,Branch Misses,32701399
seq,90,16,RB Tree,L1 Misses,4381256
seq,90,16,RB Tree,LLC Misses,
seq,90,16,RB Tree,Branch Misses,28582706
seq,90,16,WAVL Tree,L1 Misses,4201307
seq,90,16,WAVL Tree,Branch Misses,32723292
seq,90,17,RB Tree,L1 Misses,4299167
seq,90,17,RB Tree,LLC Misses,
seq,90,17,RB Tree,Branch Misses,28607120
seq,90,17,WAVL Tree,L1 Misses,4137193
seq,90,17,WAVL Tree,Branch Misses,32706434
seq,90,18,RB Tree,L1 Misses,4419574
seq,90,18,RB Tree,LLC Misses,
seq,90,18,RB Tree,Branch Misses,28587422
seq,90,18,WAVL Tree,L1 Misses,4206641
seq,90,18,WAVL Tree,Branch Misses,32710244
seq,90,19,RB Tree,L1 Misses,4411619
seq,90,19,RB Tree,LLC Misses,
seq,90,19,RB Tree,Branch Misses,28637203
seq,90,19,WAVL Tree,L1 Misses,4455361
seq,90,19,WAVL Tree,Branch Misses,32735259
seq,90,20,RB Tree,L1 Misses,4502343
seq,90,20,RB Tree,LLC Misses,
seq,90,20,RB Tree,Branch Misses,28604377
seq,90,20,WAVL Tree,L1 Misses,4197357
seq,90,20,WAVL Tree,Branch Misses,32710179
seq,100,1,RB Tree,L1 Misses,4717344
seq,100,1,RB Tree,LLC Misses,
seq,100,1,RB Tree,Branch Misses,29891177
seq,100,1,WAVL Tree,L1 Misses,4382851
seq,100,1,WAVL Tree,Branch Misses,34095021
seq,100,2,RB Tree,L1 Misses,4498291
seq,100,2,RB Tree,LLC Misses,
seq,100,2,RB Tree,Branch Misses,29814285
seq,100,2,WAVL Tree,L1 Misses,4382410
seq,100,2,WAVL Tree,Branch Misses,34074912
seq,100,3,RB Tree,L1 Misses,4624668
seq,100,3,RB Tree,LLC Misses,
seq,100,3,RB Tree,Branch Misses,29823147
seq,100,3,WAVL Tree,L1 Misses,4345031
seq,100,3,WAVL Tree,Branch Misses,34067614
seq,100,4,RB Tree,L1 Misses,6586850
seq,100,4,RB Tree,LLC Misses,
seq,100,4,RB Tree,Branch Misses,30038084
seq,100,4,WAVL Tree,L1 Misses,4313757
seq,100,4,WAVL Tree,Branch Misses,34049383
seq,100,5,RB Tree,L1 Misses,4546531
seq,100,5,RB Tree,LLC Misses,
seq,100,5,RB Tree,Branch Misses,29809305
seq,100,5,WAVL Tree,L1 Misses,4430334
seq,100,5,WAVL Tree,Branch Misses,34040452
seq,100,6,RB Tree,L1 Misses,4567161
seq,100,6,RB Tree,LLC Misses,
seq,100,6,RB Tree,Branch Misses,29808120
seq,100,6,WAVL Tree,L1 Misses,4360872
seq,100,6,WAVL Tree,Branch Misses,34065160
seq,100,7,RB Tree,L1 Misses,4593527
seq,100,7,RB Tree,LLC Misses,
seq,100,7,RB Tree,Branch Misses,29823745
seq,100,7,WAVL Tree,L1 Misses,4243994
seq,100,7,WAVL Tree,Branch Misses,34050881
